ALTER TABLE `world_db_version` CHANGE  `required_208_ShamanTauren_PCIS` `required_209_Stormwind_Stockade_Part_1`  BIT(1);

-- Stormwind Stockade Part 1 (by Bastek)
-- Old spawns removed
DELETE FROM creature WHERE id IN (1716,1720,1663,1717,1666,1696,1707,1711,1708,1715,1706);
-- Cataclysm spawns added
UPDATE creature_template SET unit_flags = 33554432 WHERE entry IN (46411,46299,46300);
DELETE FROM creature WHERE id IN
(46411,46254,46264,46383,46261,46407,46408,46482,46410,46382,46417,46248,46251,46250,46252,46249,46375,46262,46260,46381,46263,46405,46406,46379,46409,46299);
INSERT INTO creature (id, map, spawnMask, phaseMask, modelid, equipment_id, position_x, position_y, position_z, orientation, spawntimesecs, spawndist, currentwaypoint, curhealth, curmana, DeathState, MovementType, npcflag, unit_flags, dynamicflags) VALUES
(46248, 34, 1, 1, 0, 46248, 144.057, 104.475, -35.1896, 0.974969, 300, 0, 0, 2420, 0, 0, 0, 0, 0, 0),
(46248, 34, 1, 1, 0, 46248, 157.945, 99.2774, -35.1896, 3.92023, 300, 0, 0, 2420, 0, 0, 0, 0, 0, 0),
(46248, 34, 1, 1, 0, 46248, 119.26, 49.0881, -34.856, 3.77624, 300, 0, 0, 2420, 0, 0, 0, 0, 0, 0),
(46248, 34, 1, 1, 0, 46248, 127.461, 48.9599, -33.9396, 4.63999, 300, 0, 0, 2604, 0, 0, 0, 0, 0, 0),
(46248, 34, 1, 1, 0, 0, 145.945, 87.9651, -33.8563, 3.49066, 7200, 0, 0, 1, 0, 0, 0, 0, 0, 0),
(46248, 34, 1, 1, 0, 46248, 132.779, 42.0704, -33.9396, 4.59085, 300, 0, 0, 2420, 0, 0, 0, 0, 0, 0),
(46249, 34, 1, 1, 0, 46249, 154.947, 99.1598, -35.1896, 6.06041, 300, 0, 0, 2604, 0, 0, 0, 0, 0, 0),
(46249, 34, 1, 1, 0, 46249, 109.665, 51.8218, -34.856, 5.46877, 300, 0, 0, 2604, 0, 0, 0, 0, 0, 0),
(46249, 34, 1, 1, 0, 0, 130.864, 123.206, -33.8563, 0, 7200, 0, 0, 1, 0, 0, 0, 0, 0, 0),
(46249, 34, 1, 1, 0, 0, 147.18, 107.675, -35.1896, 5.3451, 7200, 0, 0, 1, 0, 0, 0, 0, 0, 0),
(46249, 34, 1, 1, 0, 0, 148.1, 43.287, -34.7729, 6.0912, 7200, 0, 0, 1, 0, 0, 0, 0, 0, 0),
(46249, 34, 1, 1, 0, 0, 171.485, 135.923, -33.8563, 0, 7200, 0, 0, 1, 0, 0, 0, 0, 0, 0),
(46249, 34, 1, 1, 0, 0, 179.202, 91.4828, -33.8563, 0, 7200, 0, 0, 1, 0, 0, 0, 0, 0, 0),
(46249, 34, 1, 1, 0, 46249, 151.332, 66.4708, -34.8562, 4.02624, 300, 0, 0, 2420, 0, 0, 0, 0, 0, 0),
(46250, 34, 1, 1, 0, 46250, 145.257, 108.832, -35.1896, 4.32469, 300, 0, 0, 2420, 0, 0, 0, 0, 0, 0),
(46250, 34, 1, 1, 0, 46250, 166.157, 130.83, -33.9395, 1.10065, 300, 0, 0, 2420, 0, 0, 0, 0, 0, 0),
(46250, 34, 1, 1, 0, 0, 150.557, 45.8164, -34.7729, 3.80482, 7200, 0, 0, 1, 0, 0, 0, 0, 0, 0),
(46250, 34, 1, 1, 0, 0, 191.999, 91.9878, -33.8563, 0, 7200, 0, 0, 1, 0, 0, 0, 0, 0, 0),
(46250, 34, 1, 1, 0, 46250, 116.827, 76.632, -34.8561, 4.95198, 300, 0, 0, 2420, 0, 0, 0, 0, 0, 0),
(46250, 34, 1, 1, 0, 46250, 127.063, 116.598, -33.9395, 0.974987, 300, 0, 0, 2420, 0, 0, 0, 0, 0, 0),
(46251, 34, 1, 1, 0, 0, 131.265, 35.3981, -33.8563, 4.59022, 7200, 0, 0, 1, 0, 0, 0, 0, 0, 0),
(46251, 34, 1, 1, 0, 46251, 131.457, 64.8405, -33.9396, 4.47524, 300, 0, 0, 2604, 0, 0, 0, 0, 0, 0),
(46251, 34, 1, 1, 0, 46251, 151.889, 59.2578, -34.8562, 2.61815, 300, 0, 0, 2604, 0, 0, 0, 0, 0, 0),
(46251, 34, 1, 1, 0, 46251, 158.326, 96.8709, -35.1896, 2.44761, 300, 0, 0, 2420, 0, 0, 0, 0, 0, 0),
(46251, 34, 1, 1, 0, 0, 114.47, 45.1108, -34.8562, 5.86936, 7200, 0, 0, 1, 0, 0, 0, 0, 0, 0),
(46252, 34, 1, 1, 0, 0, 114.621, 71.3001, -34.7729, 0.383972, 7200, 0, 0, 1, 0, 0, 0, 0, 0, 0),
(46252, 34, 1, 1, 0, 0, 119.023, 126.102, -33.8563, 0, 7200, 0, 0, 1, 0, 0, 0, 0, 0, 0),
(46252, 34, 1, 1, 0, 46252, 138.41, 69.044, -33.9396, 4.42419, 300, 0, 0, 2132, 1743, 0, 0, 0, 0, 0),
(46252, 34, 1, 1, 0, 0, 140.377, 88.779, -33.8563, 5.16617, 7200, 0, 0, 1, 0, 0, 0, 0, 0, 0),
(46252, 34, 1, 1, 0, 0, 149.402, 39.6148, -34.7729, 1.25664, 7200, 0, 0, 1, 0, 0, 0, 0, 0, 0),
(46252, 34, 1, 1, 0, 0, 164.921, 136.364, -33.8563, 0, 7200, 0, 0, 1, 0, 0, 0, 0, 0, 0),
(46252, 34, 1, 1, 0, 0, 178.448, 98.649, -33.8563, 0, 7200, 0, 0, 1, 0, 0, 0, 0, 0, 0),
(46252, 34, 1, 1, 0, 46252, 143.028, 108.448, -35.1896, 0.07176, 300, 0, 0, 2132, 1743, 0, 0, 0, 0, 0),
(46254, 34, 1, 1, 0, 46254, 158.138, 117.075, -35.1895, 4.20666, 300, 0, 0, 20970, 0, 0, 0, 0, 0, 0),
(46260, 34, 1, 1, 0, 0, 110.086, -106.954, -35.1063, 0.925025, 7200, 0, 0, 1, 0, 0, 0, 0, 0, 0),
(46260, 34, 1, 1, 0, 0, 119.77, -81.5856, -33.8563, 0, 7200, 0, 0, 1, 0, 0, 0, 0, 0, 0),
(46260, 34, 1, 1, 0, 46260, 147.967, -50.7147, -34.856, 2.73232, 300, 0, 0, 2284, 1236, 0, 0, 0, 0, 0),
(46260, 34, 1, 1, 0, 46260, 153.366, -70.7071, -34.8561, 3.31351, 300, 0, 0, 2284, 1236, 0, 0, 0, 0, 0),
(46261, 34, 1, 1, 0, 46261, 93.4468, -59.463, -34.8562, 6.09776, 300, 0, 0, 2284, 1236, 0, 0, 0, 0, 0),
(46261, 34, 1, 1, 0, 46261, 70.9834, -82.9287, -33.9395, 5.59509, 300, 0, 0, 2284, 1236, 0, 0, 0, 0, 0),
(46261, 34, 1, 1, 0, 0, 106.054, -57.924, -34.7729, 0, 7200, 0, 0, 1, 0, 0, 0, 0, 0, 0),
(46261, 34, 1, 1, 0, 0, 99.3459, -102.593, -35.1063, 0.436332, 7200, 0, 0, 1, 0, 0, 0, 0, 0, 0),
(46261, 34, 1, 1, 0, 46261, 129.846, -50.9378, -33.9395, 1.6014, 300, 0, 0, 2284, 1236, 0, 0, 0, 0, 0),
(46261, 34, 1, 1, 0, 46261, 129.417, -115.936, -33.9396, 0.273174, 300, 0, 0, 2284, 1236, 0, 0, 0, 0, 0),
(46262, 34, 1, 1, 0, 0, 113.424, -64.9972, -34.8562, 0.171044, 7200, 0, 0, 1, 0, 0, 0, 0, 0, 0),
(46262, 34, 1, 1, 0, 0, 128.754, -35.2518, -33.8563, 0, 7200, 0, 0, 1, 0, 0, 0, 0, 0, 0),
(46262, 34, 1, 1, 0, 0, 134.25, -122.586, -33.8563, 0, 7200, 0, 0, 1, 0, 0, 0, 0, 0, 0),
(46262, 34, 1, 1, 0, 0, 141.272, -69.2178, -34.7729, 0, 7200, 0, 0, 1, 0, 0, 0, 0, 0, 0),
(46262, 34, 1, 1, 0, 0, 154.594, -46.9424, -34.7729, 0, 7200, 0, 0, 1, 0, 0, 0, 0, 0, 0),
(46262, 34, 1, 1, 0, 0, 64.7192, -90.5786, -33.8563, 0, 7200, 0, 0, 1, 0, 0, 0, 0, 0, 0),
(46262, 34, 1, 1, 0, 0, 87.555, -138.668, -33.8563, 0, 7200, 0, 0, 1, 0, 0, 0, 0, 0, 0),
(46262, 34, 1, 1, 0, 0, 92.8317, -134.409, -33.8563, 0, 7200, 0, 0, 1, 0, 0, 0, 0, 0, 0),
(46262, 34, 1, 1, 0, 0, 98.9144, -98.6517, -35.1063, 0, 7200, 0, 0, 1, 0, 0, 0, 0, 0, 0),
(46263, 34, 1, 1, 0, 46263, 88.2496, -144.612, -33.9396, 1.25183, 300, 0, 0, 2132, 1162, 0, 0, 0, 0, 0),
(46263, 34, 1, 1, 0, 0, 105.885, -101.519, -35.1063, 1.69297, 7200, 0, 0, 1, 0, 0, 0, 0, 0, 0),
(46263, 34, 1, 1, 0, 0, 110.022, -44.1301, -34.7729, 0, 7200, 0, 0, 1, 0, 0, 0, 0, 0, 0),
(46263, 34, 1, 1, 0, 46263, 123, -55.7136, -33.9395, 1.29116, 300, 0, 0, 2132, 1162, 0, 0, 0, 0, 0),
(46263, 34, 1, 1, 0, 0, 131.612, -117.795, -33.8563, 0, 7200, 0, 0, 1, 0, 0, 0, 0, 0, 0),
(46263, 34, 1, 1, 0, 0, 139.457, -128.242, -33.8563, 0, 7200, 0, 0, 1, 0, 0, 0, 0, 0, 0),
(46263, 34, 1, 1, 0, 0, 141.7, -74.6271, -34.7729, 0, 7200, 0, 0, 1, 0, 0, 0, 0, 0, 0),
(46263, 34, 1, 1, 0, 0, 79.3769, -96.3975, -33.8563, 0, 7200, 0, 0, 1, 0, 0, 0, 0, 0, 0),
(46263, 34, 1, 1, 0, 46263, 117.765, -75.1002, -33.9395, 0.478218, 300, 0, 0, 2132, 1162, 0, 0, 0, 0, 0),
(46263, 34, 1, 1, 0, 46263, 146.795, -41.0828, -34.856, 3.10465, 300, 0, 0, 2284, 1236, 0, 0, 0, 0, 0),
(46263, 34, 1, 1, 0, 46263, 97.9033, -37.5691, -34.8562, 6.1567, 300, 0, 0, 2284, 1236, 0, 0, 0, 0, 0),
(46264, 34, 1, 1, 0, 0, 99.4527, -116.802, -35.1063, 1.09956, 7200, 0, 0, 1, 0, 0, 0, 0, 0, 0),
(46299, 34, 1, 1, 0, 46299, 75.9759, -87.6153, -33.9395, 1.02014, 300, 0, 0, 521, 0, 1, 0, 0, 0, 0),
(46300, 34, 1, 1, 0, 0, 97.0772, -96.3446, -35.1063, 1.36136, 7200, 0, 0, 1, 0, 1, 0, 0, 0, 0),
(46299, 34, 1, 1, 0, 46299, 125.778, -35.9384, -33.9395, 0.843439, 300, 0, 0, 521, 0, 1, 0, 0, 0, 0),
(46300, 34, 1, 1, 0, 0, 136.265, -50.0503, -34.7729, 0.837758, 7200, 0, 0, 1, 0, 1, 0, 0, 0, 0),
(46299, 34, 1, 1, 0, 46299, 131.221, -40.0751, -33.9395, 4.07928, 300, 0, 0, 484, 0, 1, 0, 0, 0, 0),
(46299, 34, 1, 1, 0, 46299, 101.064, -44.4999, -34.856, 1.42071, 300, 0, 0, 484, 0, 1, 0, 0, 0, 0),
(46300, 34, 1, 1, 0, 46299, 101.543, -62.5184, -34.8562, 4.37773, 300, 0, 0, 484, 0, 1, 0, 0, 0, 0),
(46299, 34, 1, 1, 0, 46299, 125.409, -70.0981, -33.9395, 1.19294, 300, 0, 0, 484, 0, 1, 0, 0, 0, 0),
(46375, 34, 1, 1, 0, 46375, 109.46, 19.3009, -26.5229, 1.61732, 300, 0, 0, 2604, 0, 0, 0, 0, 0, 0),
(46375, 34, 1, 1, 0, 0, 155.904, -3.42235, -25.5229, 3.01942, 7200, 0, 0, 1, 0, 0, 0, 0, 0, 0),
(46375, 34, 1, 1, 0, 0, 161.964, 5.82574, -25.5229, 5.96903, 7200, 0, 0, 1, 0, 0, 0, 0, 0, 0),
(46375, 34, 1, 1, 0, 46375, 143.314, -0.995043, -25.6061, 2.99765, 300, 0, 0, 2604, 0, 0, 0, 0, 0, 0),
(46379, 34, 1, 1, 0, 0, 155.206, -1.37568, -25.5229, 4.4855, 7200, 0, 0, 1, 0, 0, 0, 0, 0, 0),
(46379, 34, 1, 1, 0, 0, 163.712, 7.63762, -25.5229, 4.4855, 7200, 0, 0, 1, 0, 0, 0, 0, 0, 0),
(46379, 34, 1, 1, 0, 46379, 103.44, 0.908227, -25.6062, 4.68084, 300, 0, 0, 2604, 0, 0, 0, 0, 0, 0),
(46379, 34, 1, 1, 0, 46379, 143.52, 2.52587, -25.6061, 2.99765, 300, 0, 0, 2604, 0, 0, 0, 0, 0, 0),
(46381, 34, 1, 1, 0, 0, 154.251, -2.62811, -25.5229, 5.96903, 7200, 0, 0, 1, 0, 0, 0, 0, 0, 0),
(46381, 34, 1, 1, 0, 0, 164.323, 5.37318, -25.5229, 3.01942, 7200, 0, 0, 1, 0, 0, 0, 0, 0, 0),
(46381, 34, 1, 1, 0, 46381, 113.514, 0.562743, -25.6062, 2.05117, 300, 0, 0, 2604, 0, 0, 0, 0, 0, 0),
(46381, 34, 1, 1, 0, 46381, 134.216, 0.508274, -25.6062, 1.62521, 300, 0, 0, 2604, 0, 0, 0, 0, 0, 0),
(46381, 34, 1, 1, 0, 46381, 106.55, -29.2014, -26.5229, 2.83786, 300, 0, 0, 2604, 0, 0, 0, 0, 0, 0),
(46381, 34, 1, 1, 0, 46381, 107.435, -18.0019, -26.5229, 5.32901, 300, 0, 0, 2604, 0, 0, 0, 0, 0, 0),
(46382, 34, 1, 1, 0, 46382, 111.799, 17.8579, -26.5229, 2.02406, 300, 0, 0, 303, 0, 0, 0, 0, 0, 0),
(46382, 34, 1, 1, 0, 46382, 112.066, 22.4466, -26.5229, 3.98205, 300, 0, 0, 303, 0, 0, 0, 0, 0, 0),
(46382, 34, 1, 1, 0, 46382, 109.97, 23.816, -26.5229, 4.05431, 300, 0, 0, 303, 0, 0, 0, 0, 0, 0),
(46382, 34, 1, 1, 0, 46382, 132.974, -3.04573, -25.6062, 2.31632, 300, 0, 0, 303, 0, 0, 0, 0, 0, 0),
(46382, 34, 1, 1, 0, 0, 101.52, -27.0801, -26.4396, 5.20108, 7200, 0, 0, 1, 0, 0, 0, 0, 0, 0),
(46382, 34, 1, 1, 0, 0, 100.542, -28.7851, -26.4396, 5.86431, 7200, 0, 0, 1, 0, 0, 0, 0, 0, 0),
(46382, 34, 1, 1, 0, 46382, 103.416, -2.74959, -25.6062, 2.54457, 300, 0, 0, 303, 0, 0, 0, 0, 0, 0),
(46382, 34, 1, 1, 0, 46382, 102.762, 4.17809, -25.6062, 3.72267, 300, 0, 0, 303, 0, 0, 0, 0, 0, 0),
(46382, 34, 1, 1, 0, 46382, 100.645, 4.32763, -25.6062, 4.40596, 300, 0, 0, 303, 0, 0, 0, 0, 0, 0),
(46382, 34, 1, 1, 0, 46382, 111.222, -2.48283, -25.6062, 2.67022, 300, 0, 0, 303, 0, 0, 0, 0, 0, 0),
(46382, 34, 1, 1, 0, 46382, 114.591, -2.34184, -25.6062, 1.31698, 300, 0, 0, 303, 0, 0, 0, 0, 0, 0),
(46382, 34, 1, 1, 0, 46382, 117.492, -2.47533, -25.6062, 2.21469, 300, 0, 0, 303, 0, 0, 0, 0, 0, 0),
(46382, 34, 1, 1, 0, 46382, 103.4, -31.2917, -26.5229, 1.06286, 300, 0, 0, 303, 0, 0, 0, 0, 0, 0),
(46382, 34, 1, 1, 0, 46382, 112.24, -13.9688, -26.5229, 2.18833, 300, 0, 0, 303, 0, 0, 0, 0, 0, 0),
(46382, 34, 1, 1, 0, 46382, 111.636, -16.4423, -26.5229, 2.33323, 300, 0, 0, 303, 0, 0, 0, 0, 0, 0),
(46382, 34, 1, 1, 0, 46382, 111.784, -18.1527, -26.5229, 3.76607, 300, 0, 0, 303, 0, 0, 0, 0, 0, 0),
(46382, 34, 1, 1, 0, 46382, 132.572, 5.16677, -25.6061, 3.78674, 300, 0, 0, 303, 0, 0, 0, 0, 0, 0),
(46382, 34, 1, 1, 0, 46382, 133.57, 3.8412, -25.6061, 4.1009, 300, 0, 0, 303, 0, 0, 0, 0, 0, 0),
(46383, 34, 1, 1, 0, 0, 170.645, -2.50415, -25.6062, 3.28501, 7200, 0, 0, 1, 0, 0, 0, 0, 0, 0),
(46405, 34, 1, 1, 0, 0, 90.0658, 17.493, -26.4396, 2.79253, 7200, 0, 0, 1, 0, 0, 0, 0, 0, 0),
(46405, 34, 1, 1, 0, 0, 89.3952, 9.3915, -26.4396, 3.40339, 7200, 0, 0, 1, 0, 0, 0, 0, 0, 0),
(46405, 34, 1, 1, 0, 0, 89.7199, 2.35929, -25.5229, 6.12611, 7200, 0, 0, 1, 0, 0, 0, 0, 0, 0),
(46405, 34, 1, 1, 0, 0, 89.7979, -0.81802, -25.5229, 0.0698132, 7200, 0, 0, 1, 0, 0, 0, 0, 0, 0),
(46405, 34, 1, 1, 0, 0, 90.0439, -2.58535, -25.5229, 0.139626, 7200, 0, 0, 1, 0, 0, 0, 0, 0, 0),
(46405, 34, 1, 1, 0, 0, 90.0527, 4.0865, -25.5229, 6.05629, 7200, 0, 0, 1, 0, 0, 0, 0, 0, 0),
(46405, 34, 1, 1, 0, 0, 79.9497, 22.0916, -26.4396, 5.48033, 7200, 0, 0, 1, 0, 0, 0, 0, 0, 0),
(46405, 34, 1, 1, 0, 0, 80.8261, 15.4966, -26.4396, 2.80998, 7200, 0, 0, 1, 0, 0, 0, 0, 0, 0),
(46405, 34, 1, 1, 0, 0, 85.3679, 18.7793, -26.4396, 5.42797, 7200, 0, 0, 1, 0, 0, 0, 0, 0, 0),
(46405, 34, 1, 1, 0, 0, 86.3939, 17.585, -26.4396, 2.33874, 7200, 0, 0, 1, 0, 0, 0, 0, 0, 0),
(46405, 34, 1, 1, 0, 0, 79.3117, 17.1223, -26.4396, 5.21853, 7200, 0, 0, 1, 0, 0, 0, 0, 0, 0),
(46405, 34, 1, 1, 0, 0, 78.6935, 15.392, -26.4396, 0.610865, 7200, 0, 0, 1, 0, 0, 0, 0, 0, 0),
(46406, 34, 1, 1, 0, 0, 79.0145, 2.2961, -25.5229, 0, 7200, 0, 0, 1, 0, 0, 0, 0, 0, 0),
(46406, 34, 1, 1, 0, 0, 78.9916, 4.26081, -25.5229, 0, 7200, 0, 0, 1, 0, 0, 0, 0, 0, 0),
(46406, 34, 1, 1, 0, 0, 78.7384, -0.682292, -25.5229, 0, 7200, 0, 0, 1, 0, 0, 0, 0, 0, 0),
(46406, 34, 1, 1, 0, 0, 78.7236, -2.62016, -25.5229, 0, 7200, 0, 0, 1, 0, 0, 0, 0, 0, 0),
(46406, 34, 1, 1, 0, 0, 77.0925, 3.23572, -25.5229, 0, 7200, 0, 0, 1, 0, 0, 0, 0, 0, 0),
(46406, 34, 1, 1, 0, 0, 76.7786, -1.54392, -25.5229, 0, 7200, 0, 0, 1, 0, 0, 0, 0, 0, 0),
(46407, 34, 1, 1, 0, 0, 91.3948, -16.1498, -26.4396, 3.05433, 7200, 0, 0, 1, 0, 0, 0, 0, 0, 0),
(46407, 34, 1, 1, 0, 0, 91.6768, -29.3938, -26.4396, 3.12414, 7200, 0, 0, 1, 0, 0, 0, 0, 0, 0),
(46407, 34, 1, 1, 0, 0, 90.2458, -32.1359, -26.4396, 1.62316, 7200, 0, 0, 1, 0, 0, 0, 0, 0, 0),
(46407, 34, 1, 1, 0, 0, 78.9247, -27.3705, -26.4396, 1.62316, 7200, 0, 0, 1, 0, 0, 0, 0, 0, 0),
(46407, 34, 1, 1, 0, 0, 79.8477, -31.7496, -26.4396, 0.907571, 7200, 0, 0, 1, 0, 0, 0, 0, 0, 0),
(46407, 34, 1, 1, 0, 0, 86.7224, -32.0406, -26.4396, 1.62316, 7200, 0, 0, 1, 0, 0, 0, 0, 0, 0),
(46408, 34, 1, 1, 0, 0, 77.3381, -15.1934, -26.4396, 0, 7200, 0, 0, 1, 0, 0, 0, 0, 0, 0),
(46408, 34, 1, 1, 0, 0, 80.187, -6.52612, -26.4396, 4.72984, 7200, 0, 0, 1, 0, 0, 0, 0, 0, 0),
(46408, 34, 1, 1, 0, 0, 88.6199, -21.0578, -26.4396, 1.72788, 7200, 0, 0, 1, 0, 0, 0, 0, 0, 0),
(46408, 34, 1, 1, 0, 0, 90.7331, -8.76813, -26.4396, 4.13643, 7200, 0, 0, 1, 0, 0, 0, 0, 0, 0),
(46409, 34, 1, 1, 0, 46409, 84.739, 29.9854, -26.5266, 4.72453, 300, 0, 0, 4229, 0, 0, 0, 0, 0, 0),
(46410, 34, 1, 1, 0, 0, 88.5858, -29.9847, -26.5229, 5.7703, 7200, 0, 0, 1, 0, 0, 2, 0, 0, 0),
(46411, 34, 1, 1, 0, 0, 85.5236, -17.4515, -26.4396, 0, 7200, 0, 0, 1, 0, 0, 0, 0, 0, 0),
(46417, 34, 1, 1, 0, 0, 73.7084, 0.704101, -25.5229, 0, 7200, 0, 0, 1, 0, 0, 0, 0, 0, 0),
(46482, 34, 1, 1, 0, 0, 88.8999, 21.8505, -26.4421, 4.4855, 7200, 0, 0, 1, 0, 0, 0, 0, 0, 0);

-- Flames

DELETE FROM gameobject_template WHERE entry IN (206038,206039,206117);
INSERT INTO gameobject_template (entry,type,displayId,name,castBarCaption,unk1,faction,flags,size,data0,data1,data2,data3,data4,data5,data6,data7,data8,data9,data10,data11,data12,data13,data14,data15,data16,data17,data18,data19,data20,data21,data22,data23,ScriptName) VALUES
(206038,5,4251, 'Small Fire (0.5)', '', '',35,0,0.5,0,0,0,0,0,0,0,0,0,0,0,0,0,0,0,0,0,0,0,0,0,0,0,0, ''),
(206039,5,4251, 'Medium Fire (0.75)', '', '',35,0,0.75,0,0,0,0,0,0,0,0,0,0,0,0,0,0,0,0,0,0,0,0,0,0,0,0, ''),
(206117,8,200, 'Bonfire', '', '',35,0,0.75,4,10,0,0,0,0,0,0,0,0,0,0,0,0,0,0,0,0,0,0,0,0,0,0, '');

DELETE FROM gameobject WHERE map = 34;
INSERT INTO gameobject (id, map, spawnMask, phaseMask, position_x, position_y, position_z, orientation, rotation0, rotation1, rotation2, rotation3, spawntimesecs, animprogress, state) VALUES
(206038, 34, 1, 1, 125.702, -36.0173, -33.9395, 4.25301, 0, 0, 0.849526, -0.527547, 300, 0, 1),
(206038, 34, 1, 1, 131.174, -40.0842, -33.9395, 5.06765, 0, 0, 0.571037, -0.820925, 300, 0, 1),
(206038, 34, 1, 1, 101.012, -44.5029, -34.8561, 4.56892, 0, 0, 0.75597, -0.654607, 300, 0, 1),
(206038, 34, 1, 1, 136.347, -49.8908, -34.8561, 3.9838, 0, 0, 0.912639, -0.408767, 300, 0, 1),
(206038, 34, 1, 1, 125.223, -69.8839, -33.9396, 4.60426, 0, 0, 0.744285, -0.667862, 300, 0, 1),
(206038, 34, 1, 1, 101.695, -62.3864, -34.8562, 4.22727, 0, 0, 0.856247, -0.516567, 300, 0, 1),
(206038, 34, 1, 1, 96.9537, -96.2508, -35.1896, 3.11887, 0, 0, 0.999935, 0.0113613, 300, 0, 1),
(206038, 34, 1, 1, 76.1102, -87.7096, -33.9401, 2.21173, 0, 0, 0.893853, 0.44836, 300, 0, 1),
(206038, 34, 1, 1, 123.056, -48.7543, -31.9714, 2.71046, 0, 0, 0.976856, 0.213899, 300, 0, 1),
(206038, 34, 1, 1, 159.175, -55.8412, -34.3341, 6.178, 0, 0, 0.0525677, -0.998617, 300, 0, 1),
(206038, 34, 1, 1, 105.472, -35.3292, -34.2041, 1.6973, 0, 0, 0.750389, 0.660997, 300, 0, 1),
(206038, 34, 1, 1, 143.505, -79.0979, -34.8552, 4.82318, 0, 0, 0.666872, -0.745172, 300, 0, 1),
(206038, 34, 1, 1, 114.346, -78.3148, -31.9974, 3.67284, 0, 0, 0.964929, -0.262512, 300, 0, 1),
(206038, 34, 1, 1, 116.769, -90.9011, -33.9385, 0.0521443, 0, 0, 0.0260692, 0.99966, 300, 0, 1),
(206038, 34, 1, 1, 107.246, -89.8634, -31.9765, 1.6465, 0, 0, 0.733359, 0.679841, 300, 0, 1),
(206038, 34, 1, 1, 92.0382, -116.029, -31.9733, 4.18052, 0, 0, 0.868085, -0.496416, 300, 0, 1),
(206038, 34, 1, 1, 132.284, -113.318, -33.2675, 0.392058, 0, 0, 0.194776, 0.980848, 300, 0, 1),
(206039, 34, 1, 1, 132.415, -35.722, -33.1158, 6.22905, 0, 0, 0.0270664, -0.999634, 300, 0, 1),
(206039, 34, 1, 1, 144.879, -53.5622, -34.0837, 3.35449, 0, 0, 0.99434, -0.106249, 300, 0, 1),
(206039, 34, 1, 1, 139.768, -37.3863, -34.8562, 4.80355, 0, 0, 0.674153, -0.738592, 300, 0, 1),
(206039, 34, 1, 1, 115.94, -48.7531, -33.9249, 5.12949, 0, 0, 0.545384, -0.838187, 300, 0, 1),
(206039, 34, 1, 1, 128.107, -61.7392, -33.3468, 5.73424, 0, 0, 0.271039, -0.962568, 300, 0, 1),
(206039, 34, 1, 1, 136.025, -62.316, -34.0172, 4.56007, 0, 0, 0.758859, -0.651255, 300, 0, 1),
(206039, 34, 1, 1, 105.302, -93.7766, -33.9839, 4.56818, 0, 0, 0.756211, -0.654328, 300, 0, 1),
(206039, 34, 1, 1, 118.003, -107.16, -34.1023, 4.51727, 0, 0, 0.772621, -0.634868, 300, 0, 1),
(206039, 34, 1, 1, 113.994, -116.664, -33.7153, 6.24698, 0, 0, 0.0181004, -0.999836, 300, 0, 1),
(206039, 34, 1, 1, 84.6491, -102.371, -33.9386, 5.58246, 0, 0, 0.343239, -0.939248, 300, 0, 1),
(206039, 34, 1, 1, 83.4536, -87.0646, -32.2128, 1.945, 0, 0, 0.826295, 0.563237, 300, 0, 1),
(206039, 34, 1, 1, 127.218, -124.289, -33.9395, 4.82956, 0, 0, 0.664491, -0.747296, 300, 0, 1),
(206039, 34, 1, 1, 130.928, -126.301, -33.9396, 4.1227, 0, 0, 0.882071, -0.471116, 300, 0, 1);
