/* File contains:
- Ferocious Grizzled Bear (ID: 1778),
- Gorefang (ID: 12431),
- Rabid Worg (ID: 1766),
- Giant Rabid Bear (ID: 1797),
- Darktusk Boar (ID: 46575),
- Effritus (ID: 47012),
- 7th Legion Scout (ID: 45883) and (ID: 46040),
- 7th Legion Submariner (ID: 45403) and (ID: 46065),
- Abomination (ID: 46058),
- Worgen Commando (ID: 45861),
- Bartolo Ginsetti (ID: 46060),
- Bloodfang Berserker (ID: 45860) and (ID: 46050),
- Bloodfang Scavenger (ID: 44547) and (ID: 44549),
- Hillsbrad Worgen (ID: 45255) (ID: 45254) (ID: 46064) (ID: 46063),
- Bloodfang Stalker (ID: 45195),
- Berard the Moon-Crazed (ID: 46992)
- Worg (ID: 1765),
- Marsh Crocolisk (ID: 45896),
- Thule Ravenclaw (ID: 47023),
- Hand of Ravenclaw (ID: 1870),
- Forsaken Trooper (ID: 46053),
- Lilly (ID: 5757),
- Wallance the Blind (ID: 3534),
- Skitterweb Lurker (ID: 1781),
- Skitterweb Matriarch (ID: 44906),
- Skitterweb Spiderling (ID: 46751),
- Skitterweb Striker (ID: 1780),
- Webbed Victim (ID: 44941),
- Skitterweb Invisible Stalker (ID: 44908),
- Krethis the Shadowspinner (ID: 12433),
- Inconspicuous Bear (ID: 45750),
- Ambermill Dimensional Portal (ID: 45752),
- Ambermill Portal Guardian  (ID: 45753); */


-- -------- --
--  DELETE  --
-- -------- --
DELETE FROM `smart_scripts` WHERE `entryorguid` IN (1778,12431,1766,1797,46575,47012,45883,46040,45403,46065,46058,45861,46060,45860,46050,44547,44549,45255,45254,46064,46063,45195,46992,1765,45896,47023,1870,46053,5757,3534,1781,44906,46751,1780,44941,44908,12433,45750,45752,45753) AND `source_type` = 0;
DELETE FROM `smart_scripts` WHERE `entryorguid` IN (1243100,4588300,4604000,4699200,178100,1243300,4525400,4525401,4525402,4525403,4525404,4525405,4525500,4525501,4525502,4525503,4525504,4525505) AND `source_type` = 9;
DELETE FROM `creature_text` WHERE `entry` IN (1778,12431,1766,1797,46575,47012,45883,46040,45403,46065,46058,45861,46060,45860,46050,44547,44549,45255,45254,46064,46063,45195,46992,1765,45896,47023,1870,46053,5757,3534,1781,44906,46751,1780,44941,44908,12433,45750,45752,45753);
DELETE FROM `creature_template_addon` WHERE `entry` IN (1778,12431,1766,1797,46575,47012,45883,46040,45403,46065,46058,45861,46060,45860,46050,44547,44549,45255,45254,46064,46063,45195,46992,1765,45896,47023,1870,46053,5757,3534,1781,44906,46751,1780,44941,44908,12433,45750,45752,45753);
DELETE FROM `creature_equip_template` WHERE `entry` IN (4525400,4525401,4525402,4525403,4525404,4525405,4525500,4525501,4525502,4525503,4525504,4525505,1778,12431,1766,1797,46575,47012,45883,46040,45403,46065,46058,45861,46060,45860,46050,44547,44549,45255,45254,46064,46063,45195,46992,1765,45896,47023,1870,46053,5757,3534,1781,44906,46751,1780,44941,44908,12433,45750,45752,45753);
DELETE FROM `creature_loot_template` WHERE `entry` IN (1778,12431,1766,1797,46575,47012,45883,46040,45403,46065,46058,45861,46060,45860,46050,44547,44549,45255,45254,46064,46063,45195,46992,1765,45896,47023,1870,46053,5757,3534,1781,44906,46751,1780,44941,44908,12433,45750,45752,45753);
DELETE FROM `skinning_loot_template` WHERE `entry` IN (1778,12431,1766,1797,46575,47012,45883,46040,45403,46065,46058,45861,46060,45860,46050,44547,44549,45255,45254,46064,46063,45195,46992,1765,45896,47023,1870,46053,5757,3534,1781,44906,46751,1780,44941,44908,12433,45750,45752,45753);
DELETE FROM `npc_vendor` WHERE `entry` IN (1778,12431,1766,1797,46575,47012,45883,46040,45403,46065,46058,45861,46060,45860,46050,44547,44549,45255,45254,46064,46063,45195,46992,1765,45896,47023,1870,46053,5757,3534,1781,44906,46751,1780,44941,44908,12433,45750,45752,45753);
DELETE FROM `pool_creature` WHERE `description` LIKE 'Gorefang';
DELETE FROM `pool_template` WHERE `description` LIKE 'Gorefang';
DELETE FROM `creature_template` WHERE `entry` IN (1778,12431,1766,1797,46575,47012,45883,46040,45403,46065,46058,45861,46060,45860,46050,44547,44549,45255,45254,46064,46063,45195,46992,1765,45896,47023,1870,46053,5757,3534,1781,44906,46751,1780,44941,44908,12433,45750,45752,45753);
DELETE FROM `creature` WHERE `id` IN (1778,12431,1766,1797,46575,47012,45883,46040,45403,46065,46058,45861,46060,45860,46050,44547,44549,45255,45254,46064,46063,45195,46992,1765,45896,47023,1870,46053,5757,3534,1781,44906,46751,1780,44941,44908,12433,45750,45752,45753);


-- -- -- -- -- -- -- -- -- -- -- -- -- --
-- Ferocious Grizzled Bear  (ID: 1778) --
-- -- -- -- -- -- -- -- -- -- -- -- -- --

-- Ferocious Grizzled Bear - new template --
INSERT INTO `creature_template` (`entry`, `difficulty_entry_1`, `difficulty_entry_2`, `difficulty_entry_3`, `KillCredit1`, `KillCredit2`, `modelid1`, `modelid2`, `modelid3`, `modelid4`, `name`, `subname`, `IconName`, `gossip_menu_id`, `minlevel`, `maxlevel`, `exp`, `faction_A`, `faction_H`, `npcflag`, `speed_walk`, `speed_run`, `scale`, `rank`, `mindmg`, `maxdmg`, `dmgschool`, `attackpower`, `dmg_multiplier`, `baseattacktime`, `rangeattacktime`, `unit_class`, `unit_flags`, `dynamicflags`, `family`, `trainer_type`, `trainer_spell`, `trainer_class`, `trainer_race`, `minrangedmg`, `maxrangedmg`, `rangedattackpower`, `type`, `type_flags`, `lootid`, `pickpocketloot`, `skinloot`, `resistance1`, `resistance2`, `resistance3`, `resistance4`, `resistance5`, `resistance6`, `spell1`, `spell2`, `spell3`, `spell4`, `spell5`, `spell6`, `spell7`, `spell8`, `PetSpellDataId`, `VehicleId`, `mingold`, `maxgold`, `AIName`, `MovementType`, `InhabitType`, `Health_mod`, `Mana_mod`, `Armor_mod`, `RacialLeader`, `questItem1`, `questItem2`, `questItem3`, `questItem4`, `questItem5`, `questItem6`, `movementId`, `RegenHealth`, `equipment_id`, `mechanic_immune_mask`, `flags_extra`, `ScriptName`, `WDBVerified`) VALUES
(1778, 0, 0, 0, 0, 0, 982, 0, 0, 0, 'Ferocious Grizzled Bear', NULL, NULL, 0, 10, 11, 0, 44, 44, 0, 1, 1, 1, 0, 15, 20, 0, 44, 1, 2000, 0, 1, 32768, 2048, 4, 0, 0, 0, 0, 9, 14, 0, 1, 1, 1778, 0, 1778, 0, 0, 0, 0, 0, 0, 0, 0, 0, 0, 0, 0, 0, 0, 5799, 0, 0, 0, 'SmartAI', 1, 3, 1, 1, 1, 0, 3253, 0, 0, 0, 0, 0, 0, 1, 1778, 0, 0, '', 0);

-- Ferocious Grizzled Bear - equip --
INSERT INTO `creature_equip_template` (`entry`, `equipentry1`, `equipentry2`, `equipentry3`) VALUES
(1778, 0, 0, 0);

-- Ferocious Grizzled Bear - addon --
INSERT INTO `creature_template_addon` (`entry`, `path_id`, `mount`, `bytes1`, `bytes2`, `emote`, `auras`) VALUES
(1778, 0, 0, 0, 0, 0, '');

-- Ferocious Grizzled Bear - SAI --
INSERT INTO `smart_scripts` (`entryorguid`,`source_type`,`id`,`link`,`event_type`,`event_phase_mask`,`event_chance`,`event_flags`,`event_param1`,`event_param2`,`event_param3`,`event_param4`,`action_type`,`action_param1`,`action_param2`,`action_param3`,`action_param4`,`action_param5`,`action_param6`,`target_type`,`target_param1`,`target_param2`,`target_param3`,`target_x`,`target_y`,`target_z`,`target_o`,`comment`) VALUES 
(1778, 0, 0, 0, 2, 0, 100, 1, 50, 50, 0, 0, 11, 84868, 0, 0, 0, 0, 0, 1, 0, 0, 0, 0, 0, 0, 0, "Ferocious Grizzled Bear - cast Hibernate"), 
(1778, 0, 1, 0, 0, 0, 100, 0, 1000, 1000, 7000, 10000, 11, 31279, 0, 0, 0, 0, 0, 2, 0, 0, 0, 0, 0, 0, 0, "Ferocious Grizzled Bear - cast Swipe");

-- Ferocious Grizzled Bear - loot --
INSERT INTO `creature_loot_template` (`entry`, `item`, `ChanceOrQuestChance`, `lootmode`, `groupid`, `mincountOrRef`, `maxcount`) VALUES
(1778, 727, 0.1, 1, 0, 1, 1),
(1778, 768, 0.05, 1, 0, 1, 1),
(1778, 774, 0.5, 1, 0, 1, 1),
(1778, 805, 0.05, 1, 0, 1, 1),
(1778, 818, 0.3, 1, 0, 1, 1),
(1778, 828, 0.05, 1, 0, 1, 1),
(1778, 1210, 0.1804, 1, 0, 1, 1),
(1778, 1411, 0.2, 1, 0, 1, 1),
(1778, 1412, 0.1, 1, 0, 1, 1),
(1778, 1413, 0.1, 1, 0, 1, 1),
(1778, 1414, 0.2, 1, 0, 1, 1),
(1778, 1415, 0.1, 1, 0, 1, 1),
(1778, 1416, 0.1, 1, 0, 1, 1),
(1778, 1417, 0.2, 1, 0, 1, 1),
(1778, 1418, 0.1, 1, 0, 1, 1),
(1778, 1419, 0.1, 1, 0, 1, 1),
(1778, 1420, 0.1, 1, 0, 1, 1),
(1778, 1422, 0.1, 1, 0, 1, 1),
(1778, 1423, 0.1, 1, 0, 1, 1),
(1778, 1425, 0.1, 1, 0, 1, 1),
(1778, 1427, 0.1, 1, 0, 1, 1),
(1778, 1429, 0.05, 1, 0, 1, 1),
(1778, 1430, 0.1, 1, 0, 1, 1),
(1778, 1431, 0.1, 1, 0, 1, 1),
(1778, 1433, 0.2, 1, 0, 1, 1),
(1778, 1438, 0.05, 1, 0, 1, 1),
(1778, 1495, 0.05, 1, 0, 1, 1),
(1778, 1497, 0.1, 1, 0, 1, 1),
(1778, 1498, 0.1, 1, 0, 1, 1),
(1778, 1499, 0.1, 1, 0, 1, 1),
(1778, 1501, 0.1, 1, 0, 1, 1),
(1778, 1502, 0.1, 1, 0, 1, 1),
(1778, 1503, 0.2, 1, 0, 1, 1),
(1778, 1504, 0.1, 1, 0, 1, 1),
(1778, 1506, 0.1, 1, 0, 1, 1),
(1778, 1507, 0.1, 1, 0, 1, 1),
(1778, 1509, 0.1, 1, 0, 1, 1),
(1778, 1510, 0.1, 1, 0, 1, 1),
(1778, 1511, 0.1, 1, 0, 1, 1),
(1778, 1512, 0.1, 1, 0, 1, 1),
(1778, 1513, 0.1, 1, 0, 1, 1),
(1778, 1514, 0.1, 1, 0, 1, 1),
(1778, 1515, 0.1, 1, 0, 1, 1),
(1778, 1516, 0.1, 1, 0, 1, 1),
(1778, 1730, 0.1, 1, 0, 1, 1),
(1778, 1731, 0.05, 1, 0, 1, 1),
(1778, 1732, 0.1, 1, 0, 1, 1),
(1778, 1734, 0.1, 1, 0, 1, 1),
(1778, 1735, 0.1, 1, 0, 1, 1),
(1778, 1737, 0.05, 1, 0, 1, 1),
(1778, 2073, 0.26, 1, 0, -2073, 1),
(1778, 2075, 0.1, 1, 0, 1, 1),
(1778, 2138, 0.1, 1, 0, 1, 1),
(1778, 2140, 0.1, 1, 0, 1, 1),
(1778, 2212, 0.1, 1, 0, 1, 1),
(1778, 2213, 0.1, 1, 0, 1, 1),
(1778, 2214, 0.1, 1, 0, 1, 1),
(1778, 2215, 0.1, 1, 0, 1, 1),
(1778, 2406, 0.2376, 1, 0, -2406, 1),
(1778, 2407, 0.05, 1, 0, 1, 1),
(1778, 2408, 0.05, 1, 0, 1, 1),
(1778, 2409, 0.026, 1, 0, -2409, 1),
(1778, 2553, 0.05, 1, 0, 1, 1),
(1778, 2555, 0.1, 1, 0, 1, 1),
(1778, 2598, 0.1, 1, 0, 1, 1),
(1778, 2632, 0.05, 1, 0, 1, 1),
(1778, 2635, 0.1, 1, 0, 1, 1),
(1778, 2642, 0.1, 1, 0, 1, 1),
(1778, 2643, 0.1, 1, 0, 1, 1),
(1778, 2645, 0.1, 1, 0, 1, 1),
(1778, 2646, 0.1, 1, 0, 1, 1),
(1778, 2648, 0.05, 1, 0, 1, 1),
(1778, 2657, 0.05, 1, 0, 1, 1),
(1778, 2773, 0.1, 1, 0, 1, 1),
(1778, 2774, 0.1, 1, 0, 1, 1),
(1778, 2777, 0.1, 1, 0, 1, 1),
(1778, 2778, 0.1, 1, 0, 1, 1),
(1778, 2940, 0.2, 1, 0, 1, 1),
(1778, 2957, 0.05, 1, 0, 1, 1),
(1778, 2958, 0.1, 1, 0, 1, 1),
(1778, 2959, 0.1, 1, 0, 1, 1),
(1778, 2960, 0.1, 1, 0, 1, 1),
(1778, 2961, 0.1, 1, 0, 1, 1),
(1778, 2962, 0.1, 1, 0, 1, 1),
(1778, 2963, 0.05, 1, 0, 1, 1),
(1778, 2964, 0.1, 1, 0, 1, 1),
(1778, 2965, 0.05, 1, 0, 1, 1),
(1778, 2966, 0.1, 1, 0, 1, 1),
(1778, 2967, 0.1, 1, 0, 1, 1),
(1778, 2968, 0.05, 1, 0, 1, 1),
(1778, 2971, 1.8, 1, 0, -2971, 1),
(1778, 2972, 0.05, 1, 0, 1, 1),
(1778, 2975, 0.05, 1, 0, 1, 1),
(1778, 3169, 14.5, 1, 0, 1, 1),
(1778, 3170, 14.3, 1, 0, 1, 1),
(1778, 3173, 41.4, 1, 0, 1, 1),
(1778, 3192, 0.1, 1, 0, 1, 1),
(1778, 3207, 0.05, 1, 0, 1, 1),
(1778, 3213, 0.05, 1, 0, 1, 1),
(1778, 3214, 0.1, 1, 0, 1, 1),
(1778, 3253, -1, 1, 0, 1, 1),
(1778, 3283, 0.42, 1, 0, -3283, 1),
(1778, 3370, 0.2, 1, 0, 1, 1),
(1778, 3373, 0.1, 1, 0, 1, 1),
(1778, 3374, 0.1, 1, 0, 1, 1),
(1778, 3375, 0.1, 1, 0, 1, 1),
(1778, 3609, 0.1, 1, 0, 1, 1),
(1778, 3610, 0.1, 1, 0, 1, 1),
(1778, 3643, 0.05, 1, 0, 1, 1),
(1778, 3651, 0.05, 1, 0, 1, 1),
(1778, 3652, 0.05, 1, 0, 1, 1),
(1778, 4292, 0.05, 1, 0, 1, 1),
(1778, 4408, 0.05, 1, 0, 1, 1),
(1778, 4496, 0.05, 1, 0, 1, 1),
(1778, 4561, 0.2, 1, 0, 1, 1),
(1778, 4562, 0.1, 1, 0, 1, 1),
(1778, 4563, 0.1, 1, 0, 1, 1),
(1778, 4564, 0.05, 1, 0, 1, 1),
(1778, 4566, 0.05, 1, 0, 1, 1),
(1778, 4569, 0.05, 1, 0, 1, 1),
(1778, 4577, 0.1, 1, 0, 1, 1),
(1778, 4663, 0.1, 1, 0, 1, 1),
(1778, 4666, 0.05, 1, 0, 1, 1),
(1778, 4677, 0.1, 1, 0, 1, 1),
(1778, 4678, 0.05, 1, 0, 1, 1),
(1778, 4683, 0.05, 1, 0, 1, 1),
(1778, 4684, 0.05, 1, 0, 1, 1),
(1778, 4689, 0.05, 1, 0, 1, 1),
(1778, 4690, 0.05, 1, 0, 1, 1),
(1778, 4865, 34.1, 1, 0, 1, 1),
(1778, 5069, 0.1, 1, 0, 1, 1),
(1778, 5071, 0.05, 1, 0, 1, 1),
(1778, 5571, 0.05, 1, 0, 1, 1),
(1778, 5572, 0.05, 1, 0, 1, 1),
(1778, 5573, 0.05, 1, 0, 1, 1),
(1778, 5574, 0.05, 1, 0, 1, 1),
(1778, 5635, 0.1, 1, 0, 1, 1),
(1778, 6266, 0.05, 1, 0, 1, 1),
(1778, 6267, 0.05, 1, 0, 1, 1),
(1778, 6268, 0.05, 1, 0, 1, 1),
(1778, 6269, 0.05, 1, 0, 1, 1),
(1778, 6336, 0.05, 1, 0, 1, 1),
(1778, 6337, 0.1, 1, 0, 1, 1),
(1778, 6342, 0.05, 1, 0, 1, 1),
(1778, 6348, 0.05, 1, 0, 1, 1),
(1778, 6506, 0.1, 1, 0, 1, 1),
(1778, 6507, 0.1, 1, 0, 1, 1),
(1778, 6508, 0.1, 1, 0, 1, 1),
(1778, 6509, 0.1, 1, 0, 1, 1),
(1778, 6510, 0.05, 1, 0, 1, 1),
(1778, 6511, 0.05, 1, 0, 1, 1),
(1778, 6512, 0.05, 1, 0, 1, 1),
(1778, 6513, 0.2, 1, 0, 1, 1),
(1778, 6514, 0.1, 1, 0, 1, 1),
(1778, 6515, 0.1, 1, 0, 1, 1),
(1778, 6517, 0.1, 1, 0, 1, 1),
(1778, 6518, 0.2, 1, 0, 1, 1),
(1778, 6519, 0.1, 1, 0, 1, 1),
(1778, 6520, 0.05, 1, 0, 1, 1),
(1778, 6521, 0.1, 1, 0, 1, 1),
(1778, 6555, 0.05, 1, 0, 1, 1),
(1778, 7074, 34.7, 1, 0, 1, 1),
(1778, 7108, 0.05, 1, 0, 1, 1),
(1778, 7109, 0.05, 1, 0, 1, 1),
(1778, 7288, 0.05, 1, 0, 1, 1),
(1778, 7350, 0.2, 1, 0, 1, 1),
(1778, 7351, 0.1, 1, 0, 1, 1),
(1778, 8178, 0.1, 1, 0, 1, 1),
(1778, 8180, 0.2, 1, 0, 1, 1),
(1778, 8181, 0.1, 1, 0, 1, 1),
(1778, 9742, 0.05, 1, 0, 1, 1),
(1778, 9743, 0.1, 1, 0, 1, 1),
(1778, 9744, 0.05, 1, 0, 1, 1),
(1778, 9745, 0.1, 1, 0, 1, 1),
(1778, 9746, 0.05, 1, 0, 1, 1),
(1778, 9747, 0.05, 1, 0, 1, 1),
(1778, 9750, 0.05, 1, 0, 1, 1),
(1778, 9751, 0.05, 1, 0, 1, 1),
(1778, 9752, 0.1, 1, 0, 1, 1),
(1778, 9753, 0.1, 1, 0, 1, 1),
(1778, 9754, 0.1, 1, 0, 1, 1),
(1778, 9755, 0.05, 1, 0, 1, 1),
(1778, 9756, 0.05, 1, 0, 1, 1),
(1778, 9758, 0.05, 1, 0, 1, 1),
(1778, 9759, 0.1, 1, 0, 1, 1),
(1778, 9760, 0.1, 1, 0, 1, 1),
(1778, 9761, 0.1, 1, 0, 1, 1),
(1778, 9762, 0.1, 1, 0, 1, 1),
(1778, 9764, 0.05, 1, 0, 1, 1),
(1778, 11406, 0.2, 1, 0, 1, 1),
(1778, 15895, 0.05, 1, 0, 1, 1),
(1778, 15925, 0.1, 1, 0, 1, 1),
(1778, 15932, 0.1, 1, 0, 1, 1),
(1778, 60742, -44, 1, 0, 1, 1),
(1778, 60743, -88, 1, 0, 1, 1);

-- Ferocious Grizzled Bear - skinning --
INSERT INTO `skinning_loot_template` (`entry`, `item`, `ChanceOrQuestChance`, `lootmode`, `groupid`, `mincountOrRef`, `maxcount`) VALUES
(1778, 783, 4.7908, 1, 0, 1, 1),
(1778, 2318, 60.3914, 1, 0, 1, 2),
(1778, 2934, 34.8178, 1, 0, 1, 1);

-- Ferocious Grizzled Bear - spawns --
INSERT INTO `creature` (`guid`, `id`, `map`, `spawnMask`, `phaseMask`, `modelid`, `equipment_id`, `position_x`, `position_y`, `position_z`, `orientation`, `spawntimesecs`, `spawndist`, `currentwaypoint`, `curhealth`, `curmana`, `DeathState`, `MovementType`, `npcflag`, `unit_flags`, `dynamicflags`) VALUES
(NULL, 1778, 0, 1, 1, 0, 0, 1268.41, 1389.86, 48.9957, 6.07602, 300, 15, 0, 0, 0, 0, 1, 0, 0, 0),
(NULL, 1778, 0, 1, 1, 0, 0, 276.906, 1504.34, 137.583, 5.87804, 300, 15, 0, 0, 0, 0, 1, 0, 0, 0),
(NULL, 1778, 0, 1, 1, 0, 0, 255.81, 1576.89, 130.708, 2.61502, 300, 15, 0, 0, 0, 0, 1, 0, 0, 0),
(NULL, 1778, 0, 1, 1, 0, 0, 1248.44, 1306.71, 45.5006, 3.20413, 300, 15, 0, 0, 0, 0, 1, 0, 0, 0),
(NULL, 1778, 0, 1, 1, 0, 0, 214.446, 1558.48, 127.136, 2.79174, 300, 15, 0, 0, 0, 0, 1, 0, 0, 0),
(NULL, 1778, 0, 1, 1, 0, 0, 210.656, 1598.12, 135.288, 5.07585, 300, 15, 0, 0, 0, 0, 1, 0, 0, 0),
(NULL, 1778, 0, 1, 1, 0, 0, 343.385, 1564.34, 126.46, 3.38136, 300, 15, 0, 0, 0, 0, 1, 0, 0, 0),
(NULL, 1778, 0, 1, 1, 0, 0, 318.339, 1592.09, 126.596, 6.22043, 300, 15, 0, 0, 0, 0, 1, 0, 0, 0),
(NULL, 1778, 0, 1, 1, 0, 0, 1148.69, 1332.77, 33.1924, 4.13847, 300, 15, 0, 0, 0, 0, 1, 0, 0, 0),
(NULL, 1778, 0, 1, 1, 0, 0, 1179.34, 1376.32, 34.0849, 0.456231, 300, 15, 0, 0, 0, 0, 1, 0, 0, 0),
(NULL, 1778, 0, 1, 1, 0, 0, 1200.33, 1293.98, 39.5579, 5.6057, 300, 15, 0, 0, 0, 0, 1, 0, 0, 0),
(NULL, 1778, 0, 1, 1, 0, 0, 976.378, 1581.2, 32.2575, 6.28129, 300, 15, 0, 0, 0, 0, 1, 0, 0, 0),
(NULL, 1778, 0, 1, 1, 0, 0, 1108.68, 1351.27, 38.0459, 5.40503, 300, 15, 0, 0, 0, 0, 1, 0, 0, 0),
(NULL, 1778, 0, 1, 1, 0, 0, 937.697, 1517.39, 40.0309, 0.315881, 300, 15, 0, 0, 0, 0, 1, 0, 0, 0),
(NULL, 1778, 0, 1, 1, 0, 0, 1063.05, 1269.72, 43.7426, 3.64063, 300, 15, 0, 0, 0, 0, 1, 0, 0, 0),
(NULL, 1778, 0, 1, 1, 0, 0, 1118.02, 1259.46, 41.3504, 1.51118, 300, 15, 0, 0, 0, 0, 1, 0, 0, 0),
(NULL, 1778, 0, 1, 1, 0, 0, 931.5, 1401, 42.4984, 4.4674, 300, 15, 0, 0, 0, 0, 1, 0, 0, 0),
(NULL, 1778, 0, 1, 1, 0, 0, 1015.48, 1436.06, 47.1773, 5.57316, 300, 15, 0, 0, 0, 0, 1, 0, 0, 0),
(NULL, 1778, 0, 1, 1, 0, 0, 1126.55, 1421.06, 37.941, 3.16307, 300, 15, 0, 0, 0, 0, 1, 0, 0, 0),
(NULL, 1778, 0, 1, 1, 0, 0, 1097.76, 1425.74, 38.4663, 2.34261, 300, 15, 0, 0, 0, 0, 1, 0, 0, 0),
(NULL, 1778, 0, 1, 1, 0, 0, 1114.85, 1456.54, 35.0071, 4.71434, 300, 15, 0, 0, 0, 0, 1, 0, 0, 0),
(NULL, 1778, 0, 1, 1, 0, 0, 581.754, 1296.32, 87.0757, 1.69087, 300, 15, 0, 0, 0, 0, 1, 0, 0, 0),
(NULL, 1778, 0, 1, 1, 0, 0, 1030.93, 1362.06, 38.9237, 1.89779, 300, 15, 0, 0, 0, 0, 1, 0, 0, 0),
(NULL, 1778, 0, 1, 1, 0, 0, 1145.95, 1298.70, 35.0787, 4.18670, 300, 15, 0, 0, 0, 0, 1, 0, 0, 0),
(NULL, 1778, 0, 1, 1, 0, 0, 591.820, 1307.20, 87.3272, 3.45658, 300, 15, 0, 0, 0, 0, 1, 0, 0, 0),
(NULL, 1778, 0, 1, 1, 0, 0, 523.086, 1325.60, 85.5067, 4.84959, 300, 15, 0, 0, 0, 0, 1, 0, 0, 0),
(NULL, 1778, 0, 1, 1, 0, 0, 409.543, 1317.30, 78.2445, 3.84582, 300, 15, 0, 0, 0, 0, 1, 0, 0, 0),
(NULL, 1778, 0, 1, 1, 0, 0, 437.713, 1159.52, 93.4748, 0.17678, 300, 15, 0, 0, 0, 0, 1, 0, 0, 0),
(NULL, 1778, 0, 1, 1, 0, 0, 451.615, 1340.94, 85.1817, 3.19536, 300, 15, 0, 0, 0, 0, 1, 0, 0, 0),
(NULL, 1778, 0, 1, 1, 0, 0, 477.756, 1305.02, 84.1691, 2.74875, 300, 15, 0, 0, 0, 0, 1, 0, 0, 0),
(NULL, 1778, 0, 1, 1, 0, 0, 396.282, 1295.85, 77.3397, 2.36224, 300, 15, 0, 0, 0, 0, 1, 0, 0, 0),
(NULL, 1778, 0, 1, 1, 0, 0, 653.726, 1344.84, 80.0022, 6.24912, 300, 15, 0, 0, 0, 0, 1, 0, 0, 0),
(NULL, 1778, 0, 1, 1, 0, 0, 745.082, 1402.35, 67.4938, 1.37176, 300, 15, 0, 0, 0, 0, 1, 0, 0, 0),
(NULL, 1778, 0, 1, 1, 0, 0, 742.907, 1462.70, 63.4623, 0.12435, 300, 15, 0, 0, 0, 0, 1, 0, 0, 0),
(NULL, 1778, 0, 1, 1, 0, 0, 597.697, 1170.50, 84.7169, 3.04576, 300, 15, 0, 0, 0, 0, 1, 0, 0, 0),
(NULL, 1778, 0, 1, 1, 0, 0, 560.667, 1202.25, 84.6172, 0.26181, 300, 15, 0, 0, 0, 0, 1, 0, 0, 0),
(NULL, 1778, 0, 1, 1, 0, 0, 729.804, 1479.67, 62.1422, 1.26715, 300, 15, 0, 0, 0, 0, 1, 0, 0, 0),
(NULL, 1778, 0, 1, 1, 0, 0, 430.434, 1132.63, 95.6470, 3.34109, 300, 15, 0, 0, 0, 0, 1, 0, 0, 0),
(NULL, 1778, 0, 1, 1, 0, 0, 365.424, 1477.24, 124.662, 2.03881, 300, 15, 0, 0, 0, 0, 1, 0, 0, 0),
(NULL, 1778, 0, 1, 1, 0, 0, 1034.41, 1189.78, 48.9447, 0.96909, 300, 15, 0, 0, 0, 0, 1, 0, 0, 0),
(NULL, 1778, 0, 1, 1, 0, 0, 1470.09, 744.955, 48.6268, 2.57898, 300, 15, 0, 0, 0, 0, 1, 0, 0, 0),
(NULL, 1778, 0, 1, 1, 0, 0, 1368.85, 1264.60, 45.3950, 5.63170, 300, 15, 0, 0, 0, 0, 1, 0, 0, 0),
(NULL, 1778, 0, 1, 1, 0, 0, 1103.98, 1079.31, 37.9387, 4.97324, 300, 15, 0, 0, 0, 0, 1, 0, 0, 0),
(NULL, 1778, 0, 1, 1, 0, 0, 1023.28, 1116.37, 44.8298, 3.50196, 300, 15, 0, 0, 0, 0, 1, 0, 0, 0),
(NULL, 1778, 0, 1, 1, 0, 0, 976.323, 1182.55, 48.2029, 4.45271, 300, 15, 0, 0, 0, 0, 1, 0, 0, 0),
(NULL, 1778, 0, 1, 1, 0, 0, 1194.92, 1086.65, 36.0406, 1.29306, 300, 15, 0, 0, 0, 0, 1, 0, 0, 0),
(NULL, 1778, 0, 1, 1, 0, 0, 1308.41, 841.833, 34.9617, 4.61686, 300, 15, 0, 0, 0, 0, 1, 0, 0, 0),
(NULL, 1778, 0, 1, 1, 0, 0, 1017.24, 1056.59, 36.7149, 5.60845, 300, 15, 0, 0, 0, 0, 1, 0, 0, 0),
(NULL, 1778, 0, 1, 1, 0, 0, 1006.31, 1163.56, 50.5626, 4.52878, 300, 15, 0, 0, 0, 0, 1, 0, 0, 0),
(NULL, 1778, 0, 1, 1, 0, 0, 1354.76, 755.829, 39.3859, 5.37035, 300, 15, 0, 0, 0, 0, 1, 0, 0, 0),
(NULL, 1778, 0, 1, 1, 0, 0, 925.365, 1115.09, 44.6716, 4.42055, 300, 15, 0, 0, 0, 0, 1, 0, 0, 0),
(NULL, 1778, 0, 1, 1, 0, 0, 1408.74, 644.134, 40.5341, 4.20330, 300, 15, 0, 0, 0, 0, 1, 0, 0, 0),
(NULL, 1778, 0, 1, 1, 0, 0, 1233.57, 1042.43, 40.1919, 0.61889, 300, 15, 0, 0, 0, 0, 1, 0, 0, 0),
(NULL, 1778, 0, 1, 1, 0, 0, 1164.01, 954.153, 33.2996, 2.94049, 300, 15, 0, 0, 0, 0, 1, 0, 0, 0),
(NULL, 1778, 0, 1, 1, 0, 0, 1307.44, 709.893, 34.8363, 1.79557, 300, 15, 0, 0, 0, 0, 1, 0, 0, 0),
(NULL, 1778, 0, 1, 1, 0, 0, 1440.92, 783.436, 46.7793, 6.08716, 300, 15, 0, 0, 0, 0, 1, 0, 0, 0),
(NULL, 1778, 0, 1, 1, 0, 0, 1185.05, 1051.78, 34.4671, 5.62746, 300, 15, 0, 0, 0, 0, 1, 0, 0, 0),
(NULL, 1778, 0, 1, 1, 0, 0, 1081.51, 1179.16, 44.9377, 4.59127, 300, 15, 0, 0, 0, 0, 1, 0, 0, 0);


-- ----------- --
--  Variables  --
-- ----------- --
SET @POOL1 = (SELECT MAX(entry)+1 FROM `pool_template`);
SET @GUID1 = (SELECT MAX(guid)+1 FROM `creature`);
SET @GUID2 = (SELECT MAX(guid)+2 FROM `creature`);


-- -- -- -- -- -- -- -- --
-- Gorefang (ID: 12431) --
-- -- -- -- -- -- -- -- --

-- Gorefang - new template --
INSERT INTO `creature_template` (`entry`, `difficulty_entry_1`, `difficulty_entry_2`, `difficulty_entry_3`, `KillCredit1`, `KillCredit2`, `modelid1`, `modelid2`, `modelid3`, `modelid4`, `name`, `subname`, `IconName`, `gossip_menu_id`, `minlevel`, `maxlevel`, `exp`, `faction_A`, `faction_H`, `npcflag`, `speed_walk`, `speed_run`, `scale`, `rank`, `mindmg`, `maxdmg`, `dmgschool`, `attackpower`, `dmg_multiplier`, `baseattacktime`, `rangeattacktime`, `unit_class`, `unit_flags`, `dynamicflags`, `family`, `trainer_type`, `trainer_spell`, `trainer_class`, `trainer_race`, `minrangedmg`, `maxrangedmg`, `rangedattackpower`, `type`, `type_flags`, `lootid`, `pickpocketloot`, `skinloot`, `resistance1`, `resistance2`, `resistance3`, `resistance4`, `resistance5`, `resistance6`, `spell1`, `spell2`, `spell3`, `spell4`, `spell5`, `spell6`, `spell7`, `spell8`, `PetSpellDataId`, `VehicleId`, `mingold`, `maxgold`, `AIName`, `MovementType`, `InhabitType`, `Health_mod`, `Mana_mod`, `Armor_mod`, `RacialLeader`, `questItem1`, `questItem2`, `questItem3`, `questItem4`, `questItem5`, `questItem6`, `movementId`, `RegenHealth`, `equipment_id`, `mechanic_immune_mask`, `flags_extra`, `ScriptName`, `WDBVerified`) VALUES
(12431, 0, 0, 0, 0, 0, 11413, 0, 0, 0, 'Gorefang', NULL, NULL, 0, 10, 10, 0, 38, 38, 0, 1, 1, 1, 4, 13, 17, 0, 42, 1, 2000, 0, 1, 64, 2048, 1, 0, 0, 0, 0, 9, 13, 0, 1, 1, 12431, 0, 12431, 0, 0, 0, 0, 0, 0, 0, 0, 0, 0, 0, 0, 0, 0, 13041, 0, 0, 0, 'SmartAI', 0, 3, 1.5, 1, 1, 0, 0, 0, 0, 0, 0, 0, 0, 1, 12431, 613097436, 0, '', 0);

-- Gorefang - equip --
INSERT INTO `creature_equip_template` (`entry`, `equipentry1`, `equipentry2`, `equipentry3`) VALUES
(12431, 0, 0, 0);

-- Gorefang - addon --
INSERT INTO `creature_template_addon` (`entry`, `path_id`, `mount`, `bytes1`, `bytes2`, `emote`, `auras`) VALUES
(12431, 0, 0, 0, 0, 0, '');

-- Gorefang - SAI --
INSERT INTO `smart_scripts` (`entryorguid`,`source_type`,`id`,`link`,`event_type`,`event_phase_mask`,`event_chance`,`event_flags`,`event_param1`,`event_param2`,`event_param3`,`event_param4`,`action_type`,`action_param1`,`action_param2`,`action_param3`,`action_param4`,`action_param5`,`action_param6`,`target_type`,`target_param1`,`target_param2`,`target_param3`,`target_x`,`target_y`,`target_z`,`target_o`,`comment`) VALUES 
(12431, 0, 0, 0, 2, 0, 100, 1, 25, 25, 0, 0, 80, 1243100, 0, 2, 0, 0, 0, 1, 0, 0, 0, 0, 0, 0, 0, "Gorefang - call timed actiolist"), 
(12431, 0, 1, 0, 0, 0, 100, 0, 3000, 3000, 17000, 20000, 11, 13443, 0, 0, 0, 0, 0, 2, 0, 0, 0, 0, 0, 0, 0, "Gorefang - cast Rend"), 
(12431, 0, 2, 0, 9, 0, 100, 1, 5, 45, 0, 0, 11, 75002, 0, 0, 0, 0, 0, 2, 0, 0, 0, 0, 0, 0, 0, "Gorefang - cast Leaping Rush"), 
(1243100, 9, 0, 0, 0, 0, 100, 1, 0, 0, 0, 0, 11, 8599, 0, 0, 0, 0, 0, 1, 0, 0, 0, 0, 0, 0, 0, "Gorefand - cast Enrage"), 
(1243100, 9, 1, 0, 0, 0, 100, 1, 1, 1, 0, 0, 1, 0, 0, 0, 0, 0, 0, 1, 0, 0, 0, 0, 0, 0, 0, "Gorefand - boss emote on enrage");

-- Gorefang - texts --
INSERT INTO `creature_text` (`entry`, `groupid`, `id`, `text`, `type`, `language`, `probability`, `emote`, `duration`, `sound`, `comment`) VALUES
(12431, 0, 0, 'Gorefang becomes enraged!', 2, 0, 100, 0, 0, 0, 'Gorefang 1');

-- Gorefang - pool_template --
INSERT INTO `pool_template` (`entry`, `max_limit`, `description`) VALUES 
(@POOL1, 1, 'Gorefang');

-- Gorefang - pool_creature --
INSERT INTO `pool_creature` (`guid`, `pool_entry`, `chance`, `description`) VALUES 
(@GUID1, @POOL1, 100, 'Gorefang'),
(@GUID2, @POOL1, 100, 'Gorefang');

-- Gorefang - loot --
INSERT INTO `creature_loot_template` (`entry`, `item`, `ChanceOrQuestChance`, `lootmode`, `groupid`, `mincountOrRef`, `maxcount`) VALUES
(12431, 727, 0.3, 1, 0, 1, 1),
(12431, 768, 0.2, 1, 0, 1, 1),
(12431, 805, 0.2, 1, 0, 1, 1),
(12431, 1411, 0.2, 1, 0, 1, 1),
(12431, 1412, 0.2, 1, 0, 1, 1),
(12431, 1413, 0.05, 1, 0, 1, 1),
(12431, 1414, 0.3, 1, 0, 1, 1),
(12431, 1415, 0.1, 1, 0, 1, 1),
(12431, 1416, 0.3, 1, 0, 1, 1),
(12431, 1417, 0.1, 1, 0, 1, 1),
(12431, 1418, 0.1, 1, 0, 1, 1),
(12431, 1419, 0.1, 1, 0, 1, 1),
(12431, 1420, 0.1, 1, 0, 1, 1),
(12431, 1422, 0.4, 1, 0, 1, 1),
(12431, 1423, 0.2, 1, 0, 1, 1),
(12431, 1425, 0.1, 1, 0, 1, 1),
(12431, 1427, 0.5, 1, 0, 1, 1),
(12431, 1429, 0.3, 1, 0, 1, 1),
(12431, 1430, 0.4, 1, 0, 1, 1),
(12431, 1431, 0.2, 1, 0, 1, 1),
(12431, 1433, 0.1, 1, 0, 1, 1),
(12431, 2073, 12.08, 1, 0, -2073, 1),
(12431, 2075, 0.1, 1, 0, 1, 1),
(12431, 2138, 0.3, 1, 0, 1, 1),
(12431, 2140, 0.3, 1, 0, 1, 1),
(12431, 2212, 0.2, 1, 0, 1, 1),
(12431, 2213, 0.1, 1, 0, 1, 1),
(12431, 2406, 0.3821, 1, 0, -2406, 1),
(12431, 2598, 0.1, 1, 0, 1, 1),
(12431, 2632, 9.63, 1, 0, -2632, 1),
(12431, 2635, 0.1, 1, 0, 1, 1),
(12431, 2642, 0.05, 1, 0, 1, 1),
(12431, 2643, 0.1, 1, 0, 1, 1),
(12431, 2645, 0.1, 1, 0, 1, 1),
(12431, 2646, 0.3, 1, 0, 1, 1),
(12431, 2648, 0.2, 1, 0, 1, 1),
(12431, 2672, 1, 1, 0, 1, 1),
(12431, 2773, 0.05, 1, 0, 1, 1),
(12431, 2774, 0.8, 1, 0, 1, 1),
(12431, 2958, 0.1, 1, 0, 1, 1),
(12431, 2959, 0.1, 1, 0, 1, 1),
(12431, 2960, 0.2, 1, 0, 1, 1),
(12431, 2961, 0.05, 1, 0, 1, 1),
(12431, 2962, 0.05, 1, 0, 1, 1),
(12431, 2963, 0.2, 1, 0, 1, 1),
(12431, 2964, 0.1, 1, 0, 1, 1),
(12431, 2965, 0.1, 1, 0, 1, 1),
(12431, 2966, 0.1, 1, 0, 1, 1),
(12431, 2967, 0.1, 1, 0, 1, 1),
(12431, 2968, 0.3, 1, 0, 1, 1),
(12431, 2970, 6.85, 1, 0, -2970, 1),
(12431, 2971, 1.8, 1, 0, -2971, 1),
(12431, 3164, 1.1, 1, 0, 1, 1),
(12431, 3192, 0.3, 1, 0, 1, 1),
(12431, 3213, 0.05, 1, 0, 1, 1),
(12431, 3214, 0.1, 1, 0, 1, 1),
(12431, 3283, 23.54, 1, 0, -3283, 1),
(12431, 3299, 15, 1, 0, 1, 1),
(12431, 3300, 0.1, 1, 0, 1, 1),
(12431, 3370, 0.1, 1, 0, 1, 1),
(12431, 3373, 0.2, 1, 0, 1, 1),
(12431, 4562, 0.1, 1, 0, 1, 1),
(12431, 4563, 0.1, 1, 0, 1, 1),
(12431, 4564, 0.05, 1, 0, 1, 1),
(12431, 4566, 0.05, 1, 0, 1, 1),
(12431, 4577, 0.05, 1, 0, 1, 1),
(12431, 4663, 0.1, 1, 0, 1, 1),
(12431, 4666, 0.1, 1, 0, 1, 1),
(12431, 4677, 0.05, 1, 0, 1, 1),
(12431, 4684, 0.05, 1, 0, 1, 1),
(12431, 4689, 0.1, 1, 0, 1, 1),
(12431, 5069, 0.05, 1, 0, 1, 1),
(12431, 5572, 0.2, 1, 0, 1, 1),
(12431, 5635, 0.2, 1, 0, 1, 1),
(12431, 6266, 0.7, 1, 0, 1, 1),
(12431, 6267, 1.1, 1, 0, 1, 1),
(12431, 6268, 1.1, 1, 0, 1, 1),
(12431, 6269, 1.6, 1, 0, 1, 1),
(12431, 6336, 0.4, 1, 0, 1, 1),
(12431, 6337, 1.3, 1, 0, 1, 1),
(12431, 6506, 1.4, 1, 0, 1, 1),
(12431, 6507, 6.1, 1, 0, 1, 1),
(12431, 6508, 13, 1, 0, 1, 1),
(12431, 6509, 5.7, 1, 0, 1, 1),
(12431, 6510, 1.1, 1, 0, 1, 1),
(12431, 6512, 0.8, 1, 0, 1, 1),
(12431, 6513, 4.7, 1, 0, 1, 1),
(12431, 6514, 7.3, 1, 0, 1, 1),
(12431, 6515, 1.6, 1, 0, 1, 1),
(12431, 6517, 6.2, 1, 0, 1, 1),
(12431, 6518, 2.3, 1, 0, 1, 1),
(12431, 6519, 8.7, 1, 0, 1, 1),
(12431, 6520, 10.7, 1, 0, 1, 1),
(12431, 6521, 1.5, 1, 0, 1, 1),
(12431, 6542, 0.2, 1, 0, 1, 1),
(12431, 6543, 0.1, 1, 0, 1, 1),
(12431, 6549, 0.05, 1, 0, 1, 1),
(12431, 6550, 0.4, 1, 0, 1, 1),
(12431, 6555, 0.1, 1, 0, 1, 1),
(12431, 6558, 0.1, 1, 0, 1, 1),
(12431, 7108, 0.1, 1, 0, 1, 1),
(12431, 7109, 0.1, 1, 0, 1, 1),
(12431, 7288, 0.1, 1, 0, 1, 1),
(12431, 7350, 5.4, 1, 0, 1, 1),
(12431, 7351, 1.3, 1, 0, 1, 1),
(12431, 8178, 0.1, 1, 0, 1, 1),
(12431, 8181, 0.1, 1, 0, 1, 1),
(12431, 9742, 1.1, 1, 0, 1, 1),
(12431, 9743, 0.4, 1, 0, 1, 1),
(12431, 9744, 1, 1, 0, 1, 1),
(12431, 9745, 2.6, 1, 0, 1, 1),
(12431, 9746, 1.1, 1, 0, 1, 1),
(12431, 9747, 0.05, 1, 0, 1, 1),
(12431, 9750, 0.7, 1, 0, 1, 1),
(12431, 9751, 1.3, 1, 0, 1, 1),
(12431, 9752, 1, 1, 0, 1, 1),
(12431, 9753, 0.4, 1, 0, 1, 1),
(12431, 9754, 1.9, 1, 0, 1, 1),
(12431, 9755, 0.8, 1, 0, 1, 1),
(12431, 9758, 1.3, 1, 0, 1, 1),
(12431, 9759, 0.9, 1, 0, 1, 1),
(12431, 9760, 1.2, 1, 0, 1, 1),
(12431, 9761, 1.4, 1, 0, 1, 1),
(12431, 9762, 0.7, 1, 0, 1, 1),
(12431, 9763, 0.1, 1, 0, 1, 1),
(12431, 9786, 0.1, 1, 0, 1, 1),
(12431, 15932, 0.3, 1, 0, 1, 1),
(12431, 62328, 83, 1, 0, 1, 1);

-- Gorefang - skinning --
INSERT INTO `skinning_loot_template` (`entry`, `item`, `ChanceOrQuestChance`, `lootmode`, `groupid`, `mincountOrRef`, `maxcount`) VALUES
(12431, 783, 2.439, 1, 0, 1, 1),
(12431, 2318, 64.6341, 1, 0, 1, 2),
(12431, 2934, 32.9268, 1, 0, 1, 1);

-- Gorefang - spawns --
INSERT INTO `creature` (`guid`, `id`, `map`, `spawnMask`, `phaseMask`, `modelid`, `equipment_id`, `position_x`, `position_y`, `position_z`, `orientation`, `spawntimesecs`, `spawndist`, `currentwaypoint`, `curhealth`, `curmana`, `DeathState`, `MovementType`, `npcflag`, `unit_flags`, `dynamicflags`) VALUES
(@GUID1, 12431, 0, 1, 1, 0, 0, 1393.56, 923.271, 48.2215, 3.30501, 3600, 10, 0, 0, 0, 0, 1, 0, 0, 0),
(@GUID2, 12431, 0, 1, 1, 0, 0, 1182.896, 1017.121, 34.63708, 3.174635, 3600, 10, 0, 0, 0, 0, 1, 0, 0, 0);


-- -- -- -- -- -- -- -- -- --
-- Rabid Worg   (ID: 1766) --
-- -- -- -- -- -- -- -- -- --

-- Rabid Worg - new template --
INSERT INTO `creature_template` (`entry`, `difficulty_entry_1`, `difficulty_entry_2`, `difficulty_entry_3`, `KillCredit1`, `KillCredit2`, `modelid1`, `modelid2`, `modelid3`, `modelid4`, `name`, `subname`, `IconName`, `gossip_menu_id`, `minlevel`, `maxlevel`, `exp`, `faction_A`, `faction_H`, `npcflag`, `speed_walk`, `speed_run`, `scale`, `rank`, `mindmg`, `maxdmg`, `dmgschool`, `attackpower`, `dmg_multiplier`, `baseattacktime`, `rangeattacktime`, `unit_class`, `unit_flags`, `dynamicflags`, `family`, `trainer_type`, `trainer_spell`, `trainer_class`, `trainer_race`, `minrangedmg`, `maxrangedmg`, `rangedattackpower`, `type`, `type_flags`, `lootid`, `pickpocketloot`, `skinloot`, `resistance1`, `resistance2`, `resistance3`, `resistance4`, `resistance5`, `resistance6`, `spell1`, `spell2`, `spell3`, `spell4`, `spell5`, `spell6`, `spell7`, `spell8`, `PetSpellDataId`, `VehicleId`, `mingold`, `maxgold`, `AIName`, `MovementType`, `InhabitType`, `Health_mod`, `Mana_mod`, `Armor_mod`, `RacialLeader`, `questItem1`, `questItem2`, `questItem3`, `questItem4`, `questItem5`, `questItem6`, `movementId`, `RegenHealth`, `equipment_id`, `mechanic_immune_mask`, `flags_extra`, `ScriptName`, `WDBVerified`) VALUES
(1766, 0, 0, 0, 0, 0, 4124, 0, 0, 0, 'Rabid Worg', NULL, NULL, 0, 10, 11, 0, 38, 38, 0, 1, 1, 1, 0, 15, 20, 0, 44, 1, 2000, 0, 1, 32768, 2048, 1, 0, 0, 0, 0, 9, 14, 0, 1, 1, 1766, 0, 1766, 0, 0, 0, 0, 0, 0, 0, 0, 0, 0, 0, 0, 0, 0, 13030, 0, 0, 0, 'SmartAI', 1, 3, 1, 1, 1, 0, 0, 0, 0, 0, 0, 0, 0, 1, 1766, 0, 0, '', 0);

-- Rabid Worg - equip --
INSERT INTO `creature_equip_template` (`entry`, `equipentry1`, `equipentry2`, `equipentry3`) VALUES
(1766, 0, 0, 0);

-- Rabid Worg - addon --
INSERT INTO `creature_template_addon` (`entry`, `path_id`, `mount`, `bytes1`, `bytes2`, `emote`, `auras`) VALUES
(1766, 0, 0, 0, 0, 0, '');

-- Rabid Worg - SAI --
INSERT INTO `smart_scripts` (`entryorguid`,`source_type`,`id`,`link`,`event_type`,`event_phase_mask`,`event_chance`,`event_flags`,`event_param1`,`event_param2`,`event_param3`,`event_param4`,`action_type`,`action_param1`,`action_param2`,`action_param3`,`action_param4`,`action_param5`,`action_param6`,`target_type`,`target_param1`,`target_param2`,`target_param3`,`target_x`,`target_y`,`target_z`,`target_o`,`comment`) VALUES 
(1766, 0, 0, 0, 0, 0, 100, 0, 4000, 5000, 35000, 35000, 11, 3150, 0, 0, 0, 0, 0, 2, 0, 0, 0, 0, 0, 0, 0, "Rabid Worg - cast Rabies");

-- Rabid Worg - loot --
INSERT INTO `creature_loot_template` (`entry`, `item`, `ChanceOrQuestChance`, `lootmode`, `groupid`, `mincountOrRef`, `maxcount`) VALUES
(1766, 727, 0.1, 1, 0, 1, 1),
(1766, 774, 0.1411, 1, 0, 1, 1),
(1766, 818, 0.3, 1, 0, 1, 1),
(1766, 856, 0.05, 1, 0, 1, 1),
(1766, 1210, 0.125, 1, 0, 1, 1),
(1766, 1495, 0.1, 1, 0, 1, 1),
(1766, 1497, 0.2, 1, 0, 1, 1),
(1766, 1498, 0.1, 1, 0, 1, 1),
(1766, 1499, 0.3, 1, 0, 1, 1),
(1766, 1501, 0.2, 1, 0, 1, 1),
(1766, 1502, 0.2, 1, 0, 1, 1),
(1766, 1503, 0.2, 1, 0, 1, 1),
(1766, 1504, 0.3, 1, 0, 1, 1),
(1766, 1506, 0.2, 1, 0, 1, 1),
(1766, 1507, 0.2, 1, 0, 1, 1),
(1766, 1509, 0.2, 1, 0, 1, 1),
(1766, 1510, 0.3, 1, 0, 1, 1),
(1766, 1511, 0.2, 1, 0, 1, 1),
(1766, 1512, 0.3, 1, 0, 1, 1),
(1766, 1513, 0.2, 1, 0, 1, 1),
(1766, 1514, 0.3, 1, 0, 1, 1),
(1766, 1515, 0.3, 1, 0, 1, 1),
(1766, 1516, 0.2, 1, 0, 1, 1),
(1766, 1730, 0.1, 1, 0, 1, 1),
(1766, 1731, 0.2, 1, 0, 1, 1),
(1766, 1732, 0.1, 1, 0, 1, 1),
(1766, 1734, 0.1, 1, 0, 1, 1),
(1766, 1735, 0.1, 1, 0, 1, 1),
(1766, 1737, 0.1, 1, 0, 1, 1),
(1766, 2073, 0.27, 1, 0, -2073, 1),
(1766, 2075, 0.1, 1, 0, 1, 1),
(1766, 2140, 0.1, 1, 0, 1, 1),
(1766, 2214, 0.2, 1, 0, 1, 1),
(1766, 2215, 0.2, 1, 0, 1, 1),
(1766, 2406, 0.05, 1, 0, 1, 1),
(1766, 2407, 0.05, 1, 0, 1, 1),
(1766, 2408, 0.05, 1, 0, 1, 1),
(1766, 2409, 0.05, 1, 0, 1, 1),
(1766, 2553, 0.05, 1, 0, 1, 1),
(1766, 2632, 0.05, 1, 0, 1, 1),
(1766, 2657, 0.05, 1, 0, 1, 1),
(1766, 2672, 83.7, 1, 0, 1, 1),
(1766, 2763, 0.2, 1, 0, 1, 1),
(1766, 2777, 0.2, 1, 0, 1, 1),
(1766, 2778, 0.2, 1, 0, 1, 1),
(1766, 2881, 0.05, 1, 0, 1, 1),
(1766, 2957, 0.1, 1, 0, 1, 1),
(1766, 2958, 0.1, 1, 0, 1, 1),
(1766, 2961, 0.1, 1, 0, 1, 1),
(1766, 2962, 0.1, 1, 0, 1, 1),
(1766, 2964, 0.1, 1, 0, 1, 1),
(1766, 2965, 0.1, 1, 0, 1, 1),
(1766, 2966, 0.1, 1, 0, 1, 1),
(1766, 2967, 0.05, 1, 0, 1, 1),
(1766, 2971, 1.8, 1, 0, -2971, 1),
(1766, 2972, 0.05, 1, 0, 1, 1),
(1766, 2975, 0.05, 1, 0, 1, 1),
(1766, 2979, 0.05, 1, 0, 1, 1),
(1766, 3164, 3.1, 1, 0, 1, 1),
(1766, 3192, 0.1, 1, 0, 1, 1),
(1766, 3207, 0.05, 1, 0, 1, 1),
(1766, 3213, 0.05, 1, 0, 1, 1),
(1766, 3283, 0.35, 1, 0, -3283, 1),
(1766, 3299, 1.6, 1, 0, 1, 1),
(1766, 3300, 0.7, 1, 0, 1, 1),
(1766, 3301, 11.6, 1, 0, 1, 1),
(1766, 3374, 0.1, 1, 0, 1, 1),
(1766, 3375, 0.3, 1, 0, 1, 1),
(1766, 3609, 0.05, 1, 0, 1, 1),
(1766, 3610, 0.05, 1, 0, 1, 1),
(1766, 3643, 0.05, 1, 0, 1, 1),
(1766, 3652, 0.05, 1, 0, 1, 1),
(1766, 4292, 0.05, 1, 0, 1, 1),
(1766, 4293, 0.05, 1, 0, 1, 1),
(1766, 4408, 0.05, 1, 0, 1, 1),
(1766, 4561, 0.1, 1, 0, 1, 1),
(1766, 4562, 0.1, 1, 0, 1, 1),
(1766, 4564, 0.05, 1, 0, 1, 1),
(1766, 4566, 0.05, 1, 0, 1, 1),
(1766, 4569, 0.1, 1, 0, 1, 1),
(1766, 4577, 0.05, 1, 0, 1, 1),
(1766, 4677, 0.1, 1, 0, 1, 1),
(1766, 4678, 0.05, 1, 0, 1, 1),
(1766, 4683, 0.05, 1, 0, 1, 1),
(1766, 4684, 0.05, 1, 0, 1, 1),
(1766, 4689, 0.05, 1, 0, 1, 1),
(1766, 4690, 0.05, 1, 0, 1, 1),
(1766, 5069, 0.1, 1, 0, 1, 1),
(1766, 5071, 0.05, 1, 0, 1, 1),
(1766, 5573, 0.05, 1, 0, 1, 1),
(1766, 5574, 0.05, 1, 0, 1, 1),
(1766, 5635, 0.05, 1, 0, 1, 1),
(1766, 6266, 0.05, 1, 0, 1, 1),
(1766, 6267, 0.1, 1, 0, 1, 1),
(1766, 6268, 0.05, 1, 0, 1, 1),
(1766, 6269, 0.05, 1, 0, 1, 1),
(1766, 6271, 0.05, 1, 0, 1, 1),
(1766, 6336, 0.05, 1, 0, 1, 1),
(1766, 6337, 0.1, 1, 0, 1, 1),
(1766, 6342, 0.05, 1, 0, 1, 1),
(1766, 6506, 0.1, 1, 0, 1, 1),
(1766, 6507, 0.1, 1, 0, 1, 1),
(1766, 6509, 0.05, 1, 0, 1, 1),
(1766, 6510, 0.1, 1, 0, 1, 1),
(1766, 6511, 0.1, 1, 0, 1, 1),
(1766, 6512, 0.05, 1, 0, 1, 1),
(1766, 6513, 0.1, 1, 0, 1, 1),
(1766, 6514, 0.05, 1, 0, 1, 1),
(1766, 6515, 0.1, 1, 0, 1, 1),
(1766, 6517, 0.05, 1, 0, 1, 1),
(1766, 6518, 0.1, 1, 0, 1, 1),
(1766, 6519, 0.1, 1, 0, 1, 1),
(1766, 6521, 0.1, 1, 0, 1, 1),
(1766, 6549, 0.05, 1, 0, 1, 1),
(1766, 6555, 0.05, 1, 0, 1, 1),
(1766, 6556, 0.05, 1, 0, 1, 1),
(1766, 6716, 0.05, 1, 0, 1, 1),
(1766, 7074, 80.4, 1, 0, 1, 1),
(1766, 7108, 0.05, 1, 0, 1, 1),
(1766, 7288, 0.05, 1, 0, 1, 1),
(1766, 7350, 0.1, 1, 0, 1, 1),
(1766, 7351, 0.1, 1, 0, 1, 1),
(1766, 8178, 0.1, 1, 0, 1, 1),
(1766, 8180, 0.2, 1, 0, 1, 1),
(1766, 9742, 0.1, 1, 0, 1, 1),
(1766, 9743, 0.05, 1, 0, 1, 1),
(1766, 9744, 0.05, 1, 0, 1, 1),
(1766, 9745, 0.2, 1, 0, 1, 1),
(1766, 9746, 0.05, 1, 0, 1, 1),
(1766, 9747, 0.05, 1, 0, 1, 1),
(1766, 9750, 0.05, 1, 0, 1, 1),
(1766, 9751, 0.05, 1, 0, 1, 1),
(1766, 9752, 0.05, 1, 0, 1, 1),
(1766, 9753, 0.05, 1, 0, 1, 1),
(1766, 9754, 0.1, 1, 0, 1, 1),
(1766, 9755, 0.1, 1, 0, 1, 1),
(1766, 9756, 0.05, 1, 0, 1, 1),
(1766, 9758, 0.05, 1, 0, 1, 1),
(1766, 9759, 0.05, 1, 0, 1, 1),
(1766, 9760, 0.05, 1, 0, 1, 1),
(1766, 9761, 0.1, 1, 0, 1, 1),
(1766, 9762, 0.05, 1, 0, 1, 1),
(1766, 9763, 0.05, 1, 0, 1, 1),
(1766, 9764, 0.05, 1, 0, 1, 1),
(1766, 15925, 0.1, 1, 0, 1, 1),
(1766, 15932, 0.1, 1, 0, 1, 1),
(1766, 15933, 0.05, 1, 0, 1, 1),
(1766, 60793, -52, 1, 0, 1, 1);

-- Rabid Worg - skinning --
INSERT INTO `skinning_loot_template` (`entry`, `item`, `ChanceOrQuestChance`, `lootmode`, `groupid`, `mincountOrRef`, `maxcount`) VALUES
(1766, 783, 4.2978, 1, 0, 1, 1),
(1766, 2318, 61.7736, 1, 0, 1, 2),
(1766, 2934, 33.9286, 1, 0, 1, 1);

-- Rabid Worg - spawns --
INSERT INTO `creature` (`guid`, `id`, `map`, `spawnMask`, `phaseMask`, `modelid`, `equipment_id`, `position_x`, `position_y`, `position_z`, `orientation`, `spawntimesecs`, `spawndist`, `currentwaypoint`, `curhealth`, `curmana`, `DeathState`, `MovementType`, `npcflag`, `unit_flags`, `dynamicflags`) VALUES
(NULL, 1766, 0, 1, 1, 0, 0, 392.188, 1281.77, 80.033, 0.378449, 300, 15, 0, 0, 0, 0, 1, 0, 0, 0),
(NULL, 1766, 0, 1, 1, 0, 0, 230.784, 685.804, 42.8903, 1.6996, 300, 15, 0, 0, 0, 0, 1, 0, 0, 0),
(NULL, 1766, 0, 1, 1, 0, 0, 504.068, 1138.68, 96.6783, 5.54297, 300, 15, 0, 0, 0, 0, 1, 0, 0, 0),
(NULL, 1766, 0, 1, 1, 0, 0, 982.333, 1382.11, 46.8875, 2.93854, 300, 15, 0, 0, 0, 0, 1, 0, 0, 0),
(NULL, 1766, 0, 1, 1, 0, 0, 1072.79, 1676.33, 30.6742, 1.88618, 300, 15, 0, 0, 0, 0, 1, 0, 0, 0),
(NULL, 1766, 0, 1, 1, 0, 0, 262.982, 1305.22, 81.8175, 3.31335, 300, 15, 0, 0, 0, 0, 1, 0, 0, 0),
(NULL, 1766, 0, 1, 1, 0, 0, 733.296, 1503.52, 60.3695, 0.598566, 300, 15, 0, 0, 0, 0, 1, 0, 0, 0),
(NULL, 1766, 0, 1, 1, 0, 0, 891.247, 1320.17, 48.7437, 2.26812, 300, 15, 0, 0, 0, 0, 1, 0, 0, 0),
(NULL, 1766, 0, 1, 1, 0, 0, 1186.49, 1308.42, 34.5133, 6.24703, 300, 15, 0, 0, 0, 0, 1, 0, 0, 0),
(NULL, 1766, 0, 1, 1, 0, 0, 342.619, 1273.32, 80.6715, 2.90421, 300, 15, 0, 0, 0, 0, 1, 0, 0, 0),
(NULL, 1766, 0, 1, 1, 0, 0, 925.431, 1261.03, 46.1064, 0.166622, 300, 15, 0, 0, 0, 0, 1, 0, 0, 0),
(NULL, 1766, 0, 1, 1, 0, 0, -54.5023, 1290.69, 60.1391, 5.18725, 300, 15, 0, 0, 0, 0, 1, 0, 0, 0),
(NULL, 1766, 0, 1, 1, 0, 0, 277.941, 625.445, 42.3836, 4.29077, 300, 15, 0, 0, 0, 0, 1, 0, 0, 0),
(NULL, 1766, 0, 1, 1, 0, 0, 492.402, 1186.97, 90.1763, 2.07379, 300, 15, 0, 0, 0, 0, 1, 0, 0, 0),
(NULL, 1766, 0, 1, 1, 0, 0, 262.548, 724.181, 45.4759, 5.14345, 300, 15, 0, 0, 0, 0, 1, 0, 0, 0),
(NULL, 1766, 0, 1, 1, 0, 0, 357.374, 1428.96, 129.247, 0.557561, 300, 15, 0, 0, 0, 0, 1, 0, 0, 0),
(NULL, 1766, 0, 1, 1, 0, 0, 437.846, 1269.11, 83.9094, 0.078815, 300, 15, 0, 0, 0, 0, 1, 0, 0, 0),
(NULL, 1766, 0, 1, 1, 0, 0, 1213.37, 1380.74, 38.0866, 0.328295, 300, 15, 0, 0, 0, 0, 1, 0, 0, 0),
(NULL, 1766, 0, 1, 1, 0, 0, 932.029, 1387.71, 45.5388, 3.15331, 300, 15, 0, 0, 0, 0, 1, 0, 0, 0),
(NULL, 1766, 0, 1, 1, 0, 0, 908.847, 1177.04, 49.9429, 4.21556, 300, 15, 0, 0, 0, 0, 1, 0, 0, 0),
(NULL, 1766, 0, 1, 1, 0, 0, 951.008, 1911.61, 4.94362, 5.81256, 300, 15, 0, 0, 0, 0, 1, 0, 0, 0),
(NULL, 1766, 0, 1, 1, 0, 0, 1138.37, 1298.94, 37.7647, 4.62246, 300, 15, 0, 0, 0, 0, 1, 0, 0, 0),
(NULL, 1766, 0, 1, 1, 0, 0, 18.2905, 1076.33, 72.8143, 4.28757, 300, 15, 0, 0, 0, 0, 1, 0, 0, 0),
(NULL, 1766, 0, 1, 1, 0, 0, 729.964, 1330.74, 71.7436, 3.22387, 300, 15, 0, 0, 0, 0, 1, 0, 0, 0),
(NULL, 1766, 0, 1, 1, 0, 0, 1110.24, 1641.88, 29.9928, 3.05333, 300, 15, 0, 0, 0, 0, 1, 0, 0, 0),
(NULL, 1766, 0, 1, 1, 0, 0, 193.393, 1599.67, 138.691, 2.4371, 300, 15, 0, 0, 0, 0, 1, 0, 0, 0),
(NULL, 1766, 0, 1, 1, 0, 0, 245.834, 629.166, 43.2803, 1.20397, 300, 15, 0, 0, 0, 0, 1, 0, 0, 0),
(NULL, 1766, 0, 1, 1, 0, 0, 447.265, 1193.05, 90.3111, 0.364435, 300, 15, 0, 0, 0, 0, 1, 0, 0, 0),
(NULL, 1766, 0, 1, 1, 0, 0, 654.766, 1369.31, 82.8908, 5.23153, 300, 15, 0, 0, 0, 0, 1, 0, 0, 0),
(NULL, 1766, 0, 1, 1, 0, 0, 118.423, 1183.5, 67.8777, 2.51632, 300, 15, 0, 0, 0, 0, 1, 0, 0, 0),
(NULL, 1766, 0, 1, 1, 0, 0, 860.981, 1405.1, 43.1797, 2.99409, 300, 15, 0, 0, 0, 0, 1, 0, 0, 0),
(NULL, 1766, 0, 1, 1, 0, 0, 213.258, 1348.31, 93.883, 2.57554, 300, 15, 0, 0, 0, 0, 1, 0, 0, 0),
(NULL, 1766, 0, 1, 1, 0, 0, 802.359, 1660.24, 25.1774, 2.78465, 300, 15, 0, 0, 0, 0, 1, 0, 0, 0),
(NULL, 1766, 0, 1, 1, 0, 0, 829.303, 1503.49, 42.765, 1.79925, 300, 15, 0, 0, 0, 0, 1, 0, 0, 0),
(NULL, 1766, 0, 1, 1, 0, 0, 1037.59, 1854, 12.5507, 0.749343, 300, 15, 0, 0, 0, 0, 1, 0, 0, 0),
(NULL, 1766, 0, 1, 1, 0, 0, 1094.66, 1303.15, 40.6061, 1.56686, 300, 15, 0, 0, 0, 0, 1, 0, 0, 0),
(NULL, 1766, 0, 1, 1, 0, 0, 699.47, 1428.79, 66.9333, 3.67782, 300, 15, 0, 0, 0, 0, 1, 0, 0, 0),
(NULL, 1766, 0, 1, 1, 0, 0, 1185.92, 1593.65, 25.3175, 2.68164, 300, 15, 0, 0, 0, 0, 1, 0, 0, 0),
(NULL, 1766, 0, 1, 1, 0, 0, -44.2232, 1240.99, 63.9289, 4.53683, 300, 15, 0, 0, 0, 0, 1, 0, 0, 0),
(NULL, 1766, 0, 1, 1, 0, 0, 1202.34, 1552.63, 32.1207, 5.83991, 300, 15, 0, 0, 0, 0, 1, 0, 0, 0),
(NULL, 1766, 0, 1, 1, 0, 0, 18.6482, 1182.85, 65.3339, 2.35271, 300, 15, 0, 0, 0, 0, 1, 0, 0, 0),
(NULL, 1766, 0, 1, 1, 0, 0, 285.077, 1174.07, 82.9652, 3.80924, 300, 15, 0, 0, 0, 0, 1, 0, 0, 0),
(NULL, 1766, 0, 1, 1, 0, 0, 676.548, 1386.52, 75.9305, 3.80581, 300, 15, 0, 0, 0, 0, 1, 0, 0, 0),
(NULL, 1766, 0, 1, 1, 0, 0, 1029.37, 1933.72, 6.39918, 4.67455, 300, 15, 0, 0, 0, 0, 1, 0, 0, 0),
(NULL, 1766, 0, 1, 1, 0, 0, 198.428, 714.846, 46.8245, 2.16144, 300, 15, 0, 0, 0, 0, 1, 0, 0, 0),
(NULL, 1766, 0, 1, 1, 0, 0, 57.8032, 642.322, 69.5593, 4.12249, 300, 15, 0, 0, 0, 0, 1, 0, 0, 0),
(NULL, 1766, 0, 1, 1, 0, 0, 1157.45, 1780.81, 15.1, 0.701159, 300, 15, 0, 0, 0, 0, 1, 0, 0, 0),
(NULL, 1766, 0, 1, 1, 0, 0, 1009.97, 1413.34, 42.3252, 5.44531, 300, 15, 0, 0, 0, 0, 1, 0, 0, 0),
(NULL, 1766, 0, 1, 1, 0, 0, 870.529, 1481.66, 43.4028, 1.85486, 300, 15, 0, 0, 0, 0, 1, 0, 0, 0),
(NULL, 1766, 0, 1, 1, 0, 0, 421.723, 1133.29, 93.9877, 4.25764, 300, 15, 0, 0, 0, 0, 1, 0, 0, 0),
(NULL, 1766, 0, 1, 1, 0, 0, 1101.23, 1709.26, 28.2724, 1.26916, 300, 15, 0, 0, 0, 0, 1, 0, 0, 0),
(NULL, 1766, 0, 1, 1, 0, 0, 547.102, 1371.03, 87.66, 3.38412, 300, 15, 0, 0, 0, 0, 1, 0, 0, 0),
(NULL, 1766, 0, 1, 1, 0, 0, 553.317, 1188.08, 86.7815, 0.783571, 300, 15, 0, 0, 0, 0, 1, 0, 0, 0),
(NULL, 1766, 0, 1, 1, 0, 0, 1098.34, 1346.64, 39.0862, 1.44333, 300, 15, 0, 0, 0, 0, 1, 0, 0, 0),
(NULL, 1766, 0, 1, 1, 0, 0, 987.597, 1854.66, 12.5397, 0.400873, 300, 15, 0, 0, 0, 0, 1, 0, 0, 0),
(NULL, 1766, 0, 1, 1, 0, 0, 989.566, 1927.53, 3.70453, 0.9017, 300, 15, 0, 0, 0, 0, 1, 0, 0, 0),
(NULL, 1766, 0, 1, 1, 0, 0, 26.4211, 1122.31, 69.4506, 4.12496, 300, 15, 0, 0, 0, 0, 1, 0, 0, 0),
(NULL, 1766, 0, 1, 1, 0, 0, 847.94, 1547.27, 37.2593, 2.18616, 300, 15, 0, 0, 0, 0, 1, 0, 0, 0),
(NULL, 1766, 0, 1, 1, 0, 0, 878.943, 1254.02, 48.7338, 5.46381, 300, 15, 0, 0, 0, 0, 1, 0, 0, 0),
(NULL, 1766, 0, 1, 1, 0, 0, 258.089, 1138, 76.5533, 4.71852, 300, 15, 0, 0, 0, 0, 1, 0, 0, 0),
(NULL, 1766, 0, 1, 1, 0, 0, 1150.73, 1349.25, 34.1225, 2.40931, 300, 15, 0, 0, 0, 0, 1, 0, 0, 0),
(NULL, 1766, 0, 1, 1, 0, 0, 239.103, 1177.88, 78.0278, 0.414485, 300, 15, 0, 0, 0, 0, 1, 0, 0, 0),
(NULL, 1766, 0, 1, 1, 0, 0, 150.552, 1149.93, 71.1399, 0.704948, 300, 15, 0, 0, 0, 0, 1, 0, 0, 0),
(NULL, 1766, 0, 1, 1, 0, 0, 1152.99, 1252.01, 45.3124, 3.40017, 300, 15, 0, 0, 0, 0, 1, 0, 0, 0),
(NULL, 1766, 0, 1, 1, 0, 0, 951.465, 1495.29, 43.1018, 2.39584, 300, 15, 0, 0, 0, 0, 1, 0, 0, 0),
(NULL, 1766, 0, 1, 1, 0, 0, 952.908, 1576.17, 30.95, 0.177725, 300, 15, 0, 0, 0, 0, 1, 0, 0, 0),
(NULL, 1766, 0, 1, 1, 0, 0, 359.982, 1588.58, 128.621, 3.75508, 300, 15, 0, 0, 0, 0, 1, 0, 0, 0),
(NULL, 1766, 0, 1, 1, 0, 0, 1146.39, 1467.78, 36.8997, 4.94858, 300, 15, 0, 0, 0, 0, 1, 0, 0, 0),
(NULL, 1766, 0, 1, 1, 0, 0, 380.307, 1503.16, 126.867, 0.239764, 300, 15, 0, 0, 0, 0, 1, 0, 0, 0),
(NULL, 1766, 0, 1, 1, 0, 0, 378.295, 1321.93, 77.8387, 2.08197, 300, 15, 0, 0, 0, 0, 1, 0, 0, 0),
(NULL, 1766, 0, 1, 1, 0, 0, 386.437, 1150.67, 93.7375, 3.57378, 300, 15, 0, 0, 0, 0, 1, 0, 0, 0),
(NULL, 1766, 0, 1, 1, 0, 0, 1271.24, 1316.58, 45.9759, 4.59923, 300, 15, 0, 0, 0, 0, 1, 0, 0, 0),
(NULL, 1766, 0, 1, 1, 0, 0, 186.605, 1294.24, 78.4289, 1.05867, 300, 15, 0, 0, 0, 0, 1, 0, 0, 0),
(NULL, 1766, 0, 1, 1, 0, 0, 892.718, 1573.45, 33.0962, 3.2166, 300, 15, 0, 0, 0, 0, 1, 0, 0, 0),
(NULL, 1766, 0, 1, 1, 0, 0, 972.462, 1427.07, 41.7724, 3.64774, 300, 0, 0, 0, 0, 1, 0, 0, 0, 0),
(NULL, 1766, 0, 1, 1, 0, 0, 204.668, 1134.13, 71.4007, 0.0, 300, 15, 0, 0, 0, 0, 1, 0, 0, 0),
(NULL, 1766, 0, 1, 1, 0, 0, 1.9063, 1252.07, 66.7987, 2.13081, 300, 15, 0, 0, 0, 0, 1, 0, 0, 0),
(NULL, 1766, 0, 1, 1, 0, 0, 200.139, 1221.04, 71.0784, 0.327923, 300, 15, 0, 0, 0, 0, 1, 0, 0, 0),
(NULL, 1766, 0, 1, 1, 0, 0, 475.026, 1338.87, 88.7127, 1.84889, 300, 15, 0, 0, 0, 0, 1, 0, 0, 0),
(NULL, 1766, 0, 1, 1, 0, 0, 520.17, 1362.81, 87.8249, 2.07848, 300, 15, 0, 0, 0, 0, 1, 0, 0, 0),
(NULL, 1766, 0, 1, 1, 0, 0, 127.867, 740.909, 53.508, 0.608865, 300, 15, 0, 0, 0, 0, 1, 0, 0, 0),
(NULL, 1766, 0, 1, 1, 0, 0, 1063.805, 552.3474, 36.2887, 1.142697, 300, 15, 0, 0, 0, 0, 1, 0, 0, 0),
(NULL, 1766, 0, 1, 1, 0, 0, 1064.09, 558.0903, 37.01197, 1.419329, 300, 15, 0, 0, 0, 0, 1, 0, 0, 0),
(NULL, 1766, 0, 1, 1, 0, 0, 1064.887, 551.2695, 36.35035, 1.192828, 300, 15, 0, 0, 0, 0, 1, 0, 0, 0),
(NULL, 1766, 0, 1, 1, 0, 0, 1106.811, 492.1191, 37.21896, 3.19433, 300, 15, 0, 0, 0, 0, 1, 0, 0, 0),
(NULL, 1766, 0, 1, 1, 0, 0, 1115.531, 665.8378, 38.5035, 6.020175, 300, 15, 0, 0, 0, 0, 1, 0, 0, 0),
(NULL, 1766, 0, 1, 1, 0, 0, 1139.356, 455.5698, 35.34588, 4.042979, 300, 15, 0, 0, 0, 0, 1, 0, 0, 0),
(NULL, 1766, 0, 1, 1, 0, 0, 1144.172, 600.5172, 41.04753, 3.562737, 300, 15, 0, 0, 0, 0, 1, 0, 0, 0),
(NULL, 1766, 0, 1, 1, 0, 0, 1147.571, 598.3732, 40.37344, 0.8490241, 300, 15, 0, 0, 0, 0, 1, 0, 0, 0),
(NULL, 1766, 0, 1, 1, 0, 0, 1150.42, 603.3224, 39.11113, 3.56418, 300, 15, 0, 0, 0, 0, 1, 0, 0, 0),
(NULL, 1766, 0, 1, 1, 0, 0, 614.7315, 554.7176, 37.5783, 0.9050344, 300, 15, 0, 0, 0, 0, 1, 0, 0, 0),
(NULL, 1766, 0, 1, 1, 0, 0, 615.761, 621.9922, 34.25001, 0.9144719, 300, 15, 0, 0, 0, 0, 1, 0, 0, 0),
(NULL, 1766, 0, 1, 1, 0, 0, 629.9831, 387.5193, 35.57169, 2.361478, 300, 15, 0, 0, 0, 0, 1, 0, 0, 0),
(NULL, 1766, 0, 1, 1, 0, 0, 683.235, 372.7851, 37.92721, 3.885294, 300, 15, 0, 0, 0, 0, 1, 0, 0, 0),
(NULL, 1766, 0, 1, 1, 0, 0, 688.6494, 562.3229, 42.68717, 5.871736, 300, 15, 0, 0, 0, 0, 1, 0, 0, 0),
(NULL, 1766, 0, 1, 1, 0, 0, 689.7381, 447.3996, 36.24509, 6.054556, 300, 15, 0, 0, 0, 0, 1, 0, 0, 0),
(NULL, 1766, 0, 1, 1, 0, 0, 692.4055, 557.3854, 42.5555, 4.68302, 300, 15, 0, 0, 0, 0, 1, 0, 0, 0),
(NULL, 1766, 0, 1, 1, 0, 0, 692.9953, 560.4265, 42.67757, 5.871852, 300, 15, 0, 0, 0, 0, 1, 0, 0, 0),
(NULL, 1766, 0, 1, 1, 0, 0, 699.5543, 531.7877, 40.56125, 2.149396, 300, 15, 0, 0, 0, 0, 1, 0, 0, 0),
(NULL, 1766, 0, 1, 1, 0, 0, 727.9171, 553.6511, 38.29156, 3.921198, 300, 15, 0, 0, 0, 0, 1, 0, 0, 0),
(NULL, 1766, 0, 1, 1, 0, 0, 728.2645, 601.3387, 47.57031, 4.865335, 300, 15, 0, 0, 0, 0, 1, 0, 0, 0),
(NULL, 1766, 0, 1, 1, 0, 0, 820.3547, 576.9602, 36.17475, 0.1627421, 300, 15, 0, 0, 0, 0, 1, 0, 0, 0);


-- -- -- -- -- -- -- -- -- -- -- --
-- Giant Rabid Bear   (ID: 1797) --
-- -- -- -- -- -- -- -- -- -- -- --

-- Giant Rabid Bear - new template --
INSERT INTO `creature_template` (`entry`, `difficulty_entry_1`, `difficulty_entry_2`, `difficulty_entry_3`, `KillCredit1`, `KillCredit2`, `modelid1`, `modelid2`, `modelid3`, `modelid4`, `name`, `subname`, `IconName`, `gossip_menu_id`, `minlevel`, `maxlevel`, `exp`, `faction_A`, `faction_H`, `npcflag`, `speed_walk`, `speed_run`, `scale`, `rank`, `mindmg`, `maxdmg`, `dmgschool`, `attackpower`, `dmg_multiplier`, `baseattacktime`, `rangeattacktime`, `unit_class`, `unit_flags`, `dynamicflags`, `family`, `trainer_type`, `trainer_spell`, `trainer_class`, `trainer_race`, `minrangedmg`, `maxrangedmg`, `rangedattackpower`, `type`, `type_flags`, `lootid`, `pickpocketloot`, `skinloot`, `resistance1`, `resistance2`, `resistance3`, `resistance4`, `resistance5`, `resistance6`, `spell1`, `spell2`, `spell3`, `spell4`, `spell5`, `spell6`, `spell7`, `spell8`, `PetSpellDataId`, `VehicleId`, `mingold`, `maxgold`, `AIName`, `MovementType`, `InhabitType`, `Health_mod`, `Mana_mod`, `Armor_mod`, `RacialLeader`, `questItem1`, `questItem2`, `questItem3`, `questItem4`, `questItem5`, `questItem6`, `movementId`, `RegenHealth`, `equipment_id`, `mechanic_immune_mask`, `flags_extra`, `ScriptName`) VALUES 
(1797, 0, 0, 0, 0, 0, 1082, 0, 0, 0,  'Giant Rabid Bear', NULL, NULL, 0, 1, 1, 0, 44, 44, 0, 1, 1.14286, 1, 0, 17, 22, 0, 46, 1, 2000, 0, 1, 0, 0, 4, 0, 0, 0, 0, 11, 17, 0, 1, 1, 1797, 0, 1797, 0, 0, 0, 0, 0, 0, 0, 0, 0, 0, 0, 0, 0, 0, 12847, 0, 0, 0,  'SmartAI', 0, 0, 1, 1, 1, 0, 60793, 0, 0, 0, 0, 0, 0, 1, 0, 0, 0,  '');


-- Giant Rabid Bear - equip --
INSERT INTO `creature_equip_template` (`entry`, `equipentry1`, `equipentry2`, `equipentry3`) VALUES
(1797, 0, 0, 0);

-- Giant Rabid Bear - addon --
INSERT INTO `creature_template_addon` (`entry`, `path_id`, `mount`, `bytes1`, `bytes2`, `emote`, `auras`) VALUES
(1797, 0, 0, 0, 0, 0, '');

-- Giant Rabid Bear - SAI --
INSERT INTO `smart_scripts` (`entryorguid`,`source_type`,`id`,`link`,`event_type`,`event_phase_mask`,`event_chance`,`event_flags`,`event_param1`,`event_param2`,`event_param3`,`event_param4`,`action_type`,`action_param1`,`action_param2`,`action_param3`,`action_param4`,`action_param5`,`action_param6`,`target_type`,`target_param1`,`target_param2`,`target_param3`,`target_x`,`target_y`,`target_z`,`target_o`,`comment`) VALUES 
(1797, 0, 0, 0, 0, 0, 100, 0, 4000, 5000, 35000, 35000, 11, 3150, 0, 0, 0, 0, 0, 2, 0, 0, 0, 0, 0, 0, 0, "Giant Rabid Bear - cast Rabies"), 
(1797, 0, 1, 0, 2, 0, 100, 1, 50, 50, 0, 0, 11, 84868, 0, 0, 0, 0, 0, 1, 0, 0, 0, 0, 0, 0, 0, "Giant Rabid Bear - cast Hibernate");

-- Giant Rabid Bear - loot --
INSERT INTO `creature_loot_template` (`entry`, `item`, `ChanceOrQuestChance`, `lootmode`, `groupid`, `mincountOrRef`, `maxcount`) VALUES
(1797, 727, 0.1, 1, 0, 1, 1),
(1797, 774, 0.2088, 1, 0, 1, 1),
(1797, 818, 0.4, 1, 0, 1, 1),
(1797, 1210, 0.1602, 1, 0, 1, 1),
(1797, 1495, 0.1, 1, 0, 1, 1),
(1797, 1497, 0.3, 1, 0, 1, 1),
(1797, 1498, 0.2, 1, 0, 1, 1),
(1797, 1499, 0.2, 1, 0, 1, 1),
(1797, 1501, 0.2, 1, 0, 1, 1),
(1797, 1502, 0.2, 1, 0, 1, 1),
(1797, 1503, 0.1, 1, 0, 1, 1),
(1797, 1504, 0.1, 1, 0, 1, 1),
(1797, 1506, 0.2, 1, 0, 1, 1),
(1797, 1507, 0.2, 1, 0, 1, 1),
(1797, 1509, 0.3, 1, 0, 1, 1),
(1797, 1510, 0.2, 1, 0, 1, 1),
(1797, 1511, 0.3, 1, 0, 1, 1),
(1797, 1512, 0.2, 1, 0, 1, 1),
(1797, 1513, 0.3, 1, 0, 1, 1),
(1797, 1514, 0.2, 1, 0, 1, 1),
(1797, 1515, 0.2, 1, 0, 1, 1),
(1797, 1516, 0.3, 1, 0, 1, 1),
(1797, 1730, 0.1, 1, 0, 1, 1),
(1797, 1731, 0.2, 1, 0, 1, 1),
(1797, 1732, 0.2, 1, 0, 1, 1),
(1797, 1734, 0.2, 1, 0, 1, 1),
(1797, 1735, 0.2, 1, 0, 1, 1),
(1797, 1737, 0.2, 1, 0, 1, 1),
(1797, 2073, 0.05, 1, 0, 1, 1),
(1797, 2075, 0.1, 1, 0, 1, 1),
(1797, 2078, 0.01, 1, 0, -2078, 1),
(1797, 2140, 0.1, 1, 0, 1, 1),
(1797, 2214, 0.2, 1, 0, 1, 1),
(1797, 2215, 0.1, 1, 0, 1, 1),
(1797, 2406, 0.05, 1, 0, 1, 1),
(1797, 2407, 0.05, 1, 0, 1, 1),
(1797, 2409, 0.023, 1, 0, -2409, 1),
(1797, 2553, 0.05, 1, 0, 1, 1),
(1797, 2598, 0.05, 1, 0, 1, 1),
(1797, 2632, 0.1, 1, 0, 1, 1),
(1797, 2657, 0.05, 1, 0, 1, 1),
(1797, 2763, 0.2, 1, 0, 1, 1),
(1797, 2777, 0.3, 1, 0, 1, 1),
(1797, 2778, 0.2, 1, 0, 1, 1),
(1797, 2940, 0.2, 1, 0, 1, 1),
(1797, 2957, 0.1, 1, 0, 1, 1),
(1797, 2958, 0.1, 1, 0, 1, 1),
(1797, 2961, 0.1, 1, 0, 1, 1),
(1797, 2962, 0.05, 1, 0, 1, 1),
(1797, 2964, 0.1, 1, 0, 1, 1),
(1797, 2965, 0.1, 1, 0, 1, 1),
(1797, 2966, 0.05, 1, 0, 1, 1),
(1797, 2967, 0.05, 1, 0, 1, 1),
(1797, 2970, 0.24, 1, 0, -2970, 1),
(1797, 2971, 1.8, 1, 0, -2971, 1),
(1797, 2972, 0.1, 1, 0, 1, 1),
(1797, 2975, 0.05, 1, 0, 1, 1),
(1797, 2978, 0.05, 1, 0, 1, 1),
(1797, 2979, 0.05, 1, 0, 1, 1),
(1797, 2980, 0.05, 1, 0, 1, 1),
(1797, 3036, 0.05, 1, 0, 1, 1),
(1797, 3169, 0.6, 1, 0, 1, 1),
(1797, 3170, 28.5, 1, 0, 1, 1),
(1797, 3173, 42.3, 1, 0, 1, 1),
(1797, 3192, 0.1, 1, 0, 1, 1),
(1797, 3207, 0.05, 1, 0, 1, 1),
(1797, 3213, 0.05, 1, 0, 1, 1),
(1797, 3253, -1, 1, 0, 1, 1),
(1797, 3283, 0.88, 1, 0, -3283, 1),
(1797, 3374, 0.2, 1, 0, 1, 1),
(1797, 3375, 0.2, 1, 0, 1, 1),
(1797, 3609, 0.05, 1, 0, 1, 1),
(1797, 3643, 0.05, 1, 0, 1, 1),
(1797, 3651, 0.1, 1, 0, 1, 1),
(1797, 3652, 0.05, 1, 0, 1, 1),
(1797, 4345, 0.05, 1, 0, 1, 1),
(1797, 4408, 0.05, 1, 0, 1, 1),
(1797, 4409, 0.05, 1, 0, 1, 1),
(1797, 4561, 0.1, 1, 0, 1, 1),
(1797, 4562, 0.1, 1, 0, 1, 1),
(1797, 4564, 0.05, 1, 0, 1, 1),
(1797, 4566, 0.1, 1, 0, 1, 1),
(1797, 4569, 0.1, 1, 0, 1, 1),
(1797, 4570, 0.05, 1, 0, 1, 1),
(1797, 4577, 0.2, 1, 0, 1, 1),
(1797, 4677, 0.1, 1, 0, 1, 1),
(1797, 4678, 0.05, 1, 0, 1, 1),
(1797, 4683, 0.1, 1, 0, 1, 1),
(1797, 4684, 0.1, 1, 0, 1, 1),
(1797, 4689, 0.05, 1, 0, 1, 1),
(1797, 4690, 0.1, 1, 0, 1, 1),
(1797, 4865, 69.2, 1, 0, 1, 1),
(1797, 5069, 0.1, 1, 0, 1, 1),
(1797, 5071, 0.05, 1, 0, 1, 1),
(1797, 5573, 0.05, 1, 0, 1, 1),
(1797, 5574, 0.05, 1, 0, 1, 1),
(1797, 5635, 0.05, 1, 0, 1, 1),
(1797, 6266, 0.05, 1, 0, 1, 1),
(1797, 6267, 0.1, 1, 0, 1, 1),
(1797, 6268, 0.05, 1, 0, 1, 1),
(1797, 6269, 0.1, 1, 0, 1, 1),
(1797, 6271, 0.05, 1, 0, 1, 1),
(1797, 6336, 0.05, 1, 0, 1, 1),
(1797, 6337, 0.1, 1, 0, 1, 1),
(1797, 6344, 0.05, 1, 0, 1, 1),
(1797, 6348, 0.05, 1, 0, 1, 1),
(1797, 6506, 0.1, 1, 0, 1, 1),
(1797, 6507, 0.05, 1, 0, 1, 1),
(1797, 6509, 0.05, 1, 0, 1, 1),
(1797, 6510, 0.1, 1, 0, 1, 1),
(1797, 6511, 0.05, 1, 0, 1, 1),
(1797, 6512, 0.05, 1, 0, 1, 1),
(1797, 6513, 0.05, 1, 0, 1, 1),
(1797, 6514, 0.05, 1, 0, 1, 1),
(1797, 6515, 0.1, 1, 0, 1, 1),
(1797, 6517, 0.05, 1, 0, 1, 1),
(1797, 6518, 0.1, 1, 0, 1, 1),
(1797, 6519, 0.05, 1, 0, 1, 1),
(1797, 6521, 0.1, 1, 0, 1, 1),
(1797, 6537, 0.05, 1, 0, 1, 1),
(1797, 6542, 0.05, 1, 0, 1, 1),
(1797, 6543, 0.05, 1, 0, 1, 1),
(1797, 6549, 0.05, 1, 0, 1, 1),
(1797, 6550, 0.05, 1, 0, 1, 1),
(1797, 6555, 0.05, 1, 0, 1, 1),
(1797, 6556, 0.05, 1, 0, 1, 1),
(1797, 6558, 0.05, 1, 0, 1, 1),
(1797, 7108, 0.05, 1, 0, 1, 1),
(1797, 7288, 0.05, 1, 0, 1, 1),
(1797, 7350, 0.1, 1, 0, 1, 1),
(1797, 7351, 0.05, 1, 0, 1, 1),
(1797, 8178, 0.05, 1, 0, 1, 1),
(1797, 8180, 0.2, 1, 0, 1, 1),
(1797, 9742, 0.1, 1, 0, 1, 1),
(1797, 9743, 0.1, 1, 0, 1, 1),
(1797, 9744, 0.1, 1, 0, 1, 1),
(1797, 9745, 0.1, 1, 0, 1, 1),
(1797, 9746, 0.05, 1, 0, 1, 1),
(1797, 9747, 0.05, 1, 0, 1, 1),
(1797, 9748, 0.05, 1, 0, 1, 1),
(1797, 9749, 0.05, 1, 0, 1, 1),
(1797, 9750, 0.1, 1, 0, 1, 1),
(1797, 9751, 0.05, 1, 0, 1, 1),
(1797, 9752, 0.1, 1, 0, 1, 1),
(1797, 9753, 0.1, 1, 0, 1, 1),
(1797, 9754, 0.2, 1, 0, 1, 1),
(1797, 9755, 0.05, 1, 0, 1, 1),
(1797, 9756, 0.05, 1, 0, 1, 1),
(1797, 9757, 0.05, 1, 0, 1, 1),
(1797, 9758, 0.1, 1, 0, 1, 1),
(1797, 9759, 0.05, 1, 0, 1, 1),
(1797, 9760, 0.1, 1, 0, 1, 1),
(1797, 9761, 0.1, 1, 0, 1, 1),
(1797, 9762, 0.05, 1, 0, 1, 1),
(1797, 9763, 0.05, 1, 0, 1, 1),
(1797, 9764, 0.05, 1, 0, 1, 1),
(1797, 9765, 0.05, 1, 0, 1, 1),
(1797, 11406, 0.2, 1, 0, 1, 1),
(1797, 15210, 0.05, 1, 0, 1, 1),
(1797, 15925, 0.05, 1, 0, 1, 1),
(1797, 15932, 0.05, 1, 0, 1, 1),
(1797, 15933, 0.05, 1, 0, 1, 1),
(1797, 60793, -60, 1, 0, 1, 1);

-- Giant Rabid Bear - skinning --
INSERT INTO `skinning_loot_template` (`entry`, `item`, `ChanceOrQuestChance`, `lootmode`, `groupid`, `mincountOrRef`, `maxcount`) VALUES
(1797, 783, 4.9127, 1, 0, 1, 1),
(1797, 2318, 59.9675, 1, 0, 1, 2),
(1797, 2934, 35.1198, 1, 0, 1, 1);

-- Giant Rabid Bear - spawns --
INSERT INTO `creature` (`guid`, `id`, `map`, `spawnMask`, `phaseMask`, `modelid`, `equipment_id`, `position_x`, `position_y`, `position_z`, `orientation`, `spawntimesecs`, `spawndist`, `currentwaypoint`, `curhealth`, `curmana`, `DeathState`, `MovementType`, `npcflag`, `unit_flags`, `dynamicflags`) VALUES
(NULL, 1797, 0, 1, 1, 0, 0, 222.495, 573.407, 42.2658, 4.79251, 300, 15, 0, 0, 0, 0, 1, 0, 0, 0),
(NULL, 1797, 0, 1, 1, 0, 0, 313.35, 1306.68, 79.3511, 1.42186, 300, 15, 0, 0, 0, 0, 1, 0, 0, 0),
(NULL, 1797, 0, 1, 1, 0, 0, 1021.01, 1380.61, 42.7069, 4.72224, 300, 15, 0, 0, 0, 0, 1, 0, 0, 0),
(NULL, 1797, 0, 1, 1, 0, 0, 934.33, 1719.41, 15.0085, 2.82077, 300, 15, 0, 0, 0, 0, 1, 0, 0, 0),
(NULL, 1797, 0, 1, 1, 0, 0, 1255.92, 1365.55, 44.9828, 4.11166, 300, 15, 0, 0, 0, 0, 1, 0, 0, 0),
(NULL, 1797, 0, 1, 1, 0, 0, 953.231, 1437.87, 45.6516, 5.17521, 300, 15, 0, 0, 0, 0, 1, 0, 0, 0),
(NULL, 1797, 0, 1, 1, 0, 0, 156.298, 659.727, 49.632, 3.66424, 300, 15, 0, 0, 0, 0, 1, 0, 0, 0),
(NULL, 1797, 0, 1, 1, 0, 0, 1106.16, 1261.31, 43.6612, 1.93919, 300, 15, 0, 0, 0, 0, 1, 0, 0, 0),
(NULL, 1797, 0, 1, 1, 0, 0, 536.772, 1312.68, 86.0556, 3.36048, 300, 15, 0, 0, 0, 0, 1, 0, 0, 0),
(NULL, 1797, 0, 1, 1, 0, 0, 984.085, 1406.87, 41.5333, 0.0, 300, 0, 0, 0, 0, 1, 0, 0, 0, 0),
(NULL, 1797, 0, 1, 1, 0, 0, 1010.8, 1810.11, 16.5777, 3.21929, 300, 15, 0, 0, 0, 0, 1, 0, 0, 0),
(NULL, 1797, 0, 1, 1, 0, 0, 50.6744, 1375.7, 79.9143, 5.66157, 300, 15, 0, 0, 0, 0, 1, 0, 0, 0),
(NULL, 1797, 0, 1, 1, 0, 0, 527.079, 1269.71, 85.4871, 0.381413, 300, 15, 0, 0, 0, 0, 1, 0, 0, 0),
(NULL, 1797, 0, 1, 1, 0, 0, 78.6256, 1311.23, 75.2979, 3.26371, 300, 15, 0, 0, 0, 0, 1, 0, 0, 0),
(NULL, 1797, 0, 1, 1, 0, 0, 35.2712, 1314.24, 65.6745, 1.46167, 300, 15, 0, 0, 0, 0, 1, 0, 0, 0),
(NULL, 1797, 0, 1, 1, 0, 0, 255.673, 1213.47, 78.2083, 1.72968, 300, 15, 0, 0, 0, 0, 1, 0, 0, 0),
(NULL, 1797, 0, 1, 1, 0, 0, 1171.59, 1508, 36.7925, 2.8073, 300, 15, 0, 0, 0, 0, 1, 0, 0, 0),
(NULL, 1797, 0, 1, 1, 0, 0, 549.717, 1280.39, 86.6537, 2.63687, 300, 15, 0, 0, 0, 0, 1, 0, 0, 0),
(NULL, 1797, 0, 1, 1, 0, 0, 1003.28, 1347.16, 45.2423, 3.50611, 300, 15, 0, 0, 0, 0, 1, 0, 0, 0),
(NULL, 1797, 0, 1, 1, 0, 0, 344.579, 1319.53, 78.7468, 3.25983, 300, 15, 0, 0, 0, 0, 1, 0, 0, 0),
(NULL, 1797, 0, 1, 1, 0, 0, 796.591, 1705.11, 28.6491, 3.98307, 300, 15, 0, 0, 0, 0, 1, 0, 0, 0),
(NULL, 1797, 0, 1, 1, 0, 0, 1128.07, 1423.34, 40.7216, 0.306705, 300, 15, 0, 0, 0, 0, 1, 0, 0, 0),
(NULL, 1797, 0, 1, 1, 0, 0, 989.944, 1421.95, 41.0369, 2.07694, 300, 0, 0, 0, 0, 1, 0, 0, 0, 0),
(NULL, 1797, 0, 1, 1, 0, 0, 308.588, 707.643, 44.2854, 0.956928, 300, 15, 0, 0, 0, 0, 1, 0, 0, 0),
(NULL, 1797, 0, 1, 1, 0, 0, 1187.64, 1684.72, 17.8453, 1.00175, 300, 15, 0, 0, 0, 0, 1, 0, 0, 0),
(NULL, 1797, 0, 1, 1, 0, 0, 1145.79, 1617.65, 30.5337, 2.12048, 300, 15, 0, 0, 0, 0, 1, 0, 0, 0),
(NULL, 1797, 0, 1, 1, 0, 0, 752.544, 1428.01, 64.834, 0.263684, 300, 15, 0, 0, 0, 0, 1, 0, 0, 0),
(NULL, 1797, 0, 1, 1, 0, 0, 171.977, 726.562, 49.3245, 1.40612, 300, 15, 0, 0, 0, 0, 1, 0, 0, 0),
(NULL, 1797, 0, 1, 1, 0, 0, 111.368, 686.13, 56.8441, 1.90548, 300, 15, 0, 0, 0, 0, 1, 0, 0, 0),
(NULL, 1797, 0, 1, 1, 0, 0, 952.868, 1526.91, 39.2003, 5.91755, 300, 15, 0, 0, 0, 0, 1, 0, 0, 0),
(NULL, 1797, 0, 1, 1, 0, 0, 1191.2, 1743.3, 11.6228, 3.28024, 300, 15, 0, 0, 0, 0, 1, 0, 0, 0),
(NULL, 1797, 0, 1, 1, 0, 0, 490.434, 1109.05, 94.598, 1.31208, 300, 15, 0, 0, 0, 0, 1, 0, 0, 0),
(NULL, 1797, 0, 1, 1, 0, 0, 289.062, 1208.65, 82.7785, 4.62449, 300, 15, 0, 0, 0, 0, 1, 0, 0, 0),
(NULL, 1797, 0, 1, 1, 0, 0, 74.6911, 1103.29, 71.7999, 4.74805, 300, 15, 0, 0, 0, 0, 1, 0, 0, 0),
(NULL, 1797, 0, 1, 1, 0, 0, -88.7232, 725.515, 65.4562, 1.76115, 300, 15, 0, 0, 0, 0, 1, 0, 0, 0),
(NULL, 1797, 0, 1, 1, 0, 0, 369.103, 1194.81, 83.3715, 6.08375, 300, 15, 0, 0, 0, 0, 1, 0, 0, 0),
(NULL, 1797, 0, 1, 1, 0, 0, -10.8566, 1305.83, 62.3533, 3.92811, 300, 15, 0, 0, 0, 0, 1, 0, 0, 0),
(NULL, 1797, 0, 1, 1, 0, 0, 480.784, 1148, 96.5786, 5.4255, 300, 15, 0, 0, 0, 0, 1, 0, 0, 0),
(NULL, 1797, 0, 1, 1, 0, 0, 1140.56, 1670.38, 26.7422, 1.94471, 300, 15, 0, 0, 0, 0, 1, 0, 0, 0),
(NULL, 1797, 0, 1, 1, 0, 0, 261.206, 689.345, 41.0735, 1.89466, 300, 15, 0, 0, 0, 0, 1, 0, 0, 0),
(NULL, 1797, 0, 1, 1, 0, 0, 95.305, 1270, 70.7774, 6.17657, 300, 15, 0, 0, 0, 0, 1, 0, 0, 0),
(NULL, 1797, 0, 1, 1, 0, 0, 72.4569, 1159.25, 68.7203, 0.915926, 300, 15, 0, 0, 0, 0, 1, 0, 0, 0),
(NULL, 1797, 0, 1, 1, 0, 0, 1222.08, 1339.48, 37.1814, 2.08986, 300, 15, 0, 0, 0, 0, 1, 0, 0, 0),
(NULL, 1797, 0, 1, 1, 0, 0, 1182.84, 1647.74, 23.3782, 1.04511, 300, 15, 0, 0, 0, 0, 1, 0, 0, 0),
(NULL, 1797, 0, 1, 1, 0, 0, 1225.2, 1439.7, 51.2244, 0.161411, 300, 15, 0, 0, 0, 0, 1, 0, 0, 0),
(NULL, 1797, 0, 1, 1, 0, 0, 42.5814, 1255.22, 63.9156, 3.70407, 300, 15, 0, 0, 0, 0, 1, 0, 0, 0),
(NULL, 1797, 0, 1, 1, 0, 0, 157.177, 1192.6, 68.7827, 4.79801, 300, 15, 0, 0, 0, 0, 1, 0, 0, 0),
(NULL, 1797, 0, 1, 1, 0, 0, 979.738, 1459.02, 42.3746, 2.67141, 300, 15, 0, 0, 0, 0, 1, 0, 0, 0),
(NULL, 1797, 0, 1, 1, 0, 0, 475.915, 1280.79, 82.7505, 4.39569, 300, 15, 0, 0, 0, 0, 1, 0, 0, 0),
(NULL, 1797, 0, 1, 1, 0, 0, 134.462, 1288.72, 75.3519, 1.06208, 300, 15, 0, 0, 0, 0, 1, 0, 0, 0),
(NULL, 1797, 0, 1, 1, 0, 0, 413.021, 1180.93, 85.9829, 1.5708, 300, 15, 0, 0, 0, 0, 1, 0, 0, 0),
(NULL, 1797, 0, 1, 1, 0, 0, 729.166, 1463.94, 62.8663, 1.25381, 300, 15, 0, 0, 0, 0, 1, 0, 0, 0),
(NULL, 1797, 0, 1, 1, 0, 0, 346.585, 701.791, 41.1725, 4.86133, 300, 15, 0, 0, 0, 0, 1, 0, 0, 0),
(NULL, 1797, 0, 1, 1, 0, 0, 1156.88, 1379.56, 37.5668, 1.74856, 300, 15, 0, 0, 0, 0, 1, 0, 0, 0),
(NULL, 1797, 0, 1, 1, 0, 0, 1067.83, 1822.92, 21.5158, 3.14159, 300, 15, 0, 0, 0, 0, 1, 0, 0, 0),
(NULL, 1797, 0, 1, 1, 0, 0, 637.101, 1403.98, 87.4952, 0.79437, 300, 15, 0, 0, 0, 0, 1, 0, 0, 0),
(NULL, 1797, 0, 1, 1, 0, 0, 1022.27, 1658.15, 24.2625, 0.317221, 300, 15, 0, 0, 0, 0, 1, 0, 0, 0),
(NULL, 1797, 0, 1, 1, 0, 0, 1011.09, 1747.74, 17.5879, 4.48422, 300, 15, 0, 0, 0, 0, 1, 0, 0, 0),
(NULL, 1797, 0, 1, 1, 0, 0, 1156.15, 1701.59, 20.2744, 2.46273, 300, 15, 0, 0, 0, 0, 1, 0, 0, 0),
(NULL, 1797, 0, 1, 1, 0, 0, 868.229, 1673.44, 20.1354, 0.236921, 300, 15, 0, 0, 0, 0, 1, 0, 0, 0),
(NULL, 1797, 0, 1, 1, 0, 0, 192.465, 1565.73, 129.157, 4.57726, 300, 15, 0, 0, 0, 0, 1, 0, 0, 0),
(NULL, 1797, 0, 1, 1, 0, 0, 577.318, 1311.79, 89.5487, 6.18837, 300, 15, 0, 0, 0, 0, 1, 0, 0, 0),
(NULL, 1797, 0, 1, 1, 0, 0, 810.508, 1580.52, 33.3908, 4.32699, 300, 15, 0, 0, 0, 0, 1, 0, 0, 0),
(NULL, 1797, 0, 1, 1, 0, 0, 319.737, 1598.45, 126.767, 5.10523, 300, 15, 0, 0, 0, 0, 1, 0, 0, 0),
(NULL, 1797, 0, 1, 1, 0, 0, 735.678, 1389.79, 71.0953, 2.24203, 300, 15, 0, 0, 0, 0, 1, 0, 0, 0),
(NULL, 1797, 0, 1, 1, 0, 0, 426.835, 1323.56, 80.04, 1.63659, 300, 15, 0, 0, 0, 0, 1, 0, 0, 0),
(NULL, 1797, 0, 1, 1, 0, 0, 104.304, 1127.8, 69.9423, 0.708538, 300, 15, 0, 0, 0, 0, 1, 0, 0, 0),
(NULL, 1797, 0, 1, 1, 0, 0, 292.028, 1616.67, 134.338, 0.0, 300, 15, 0, 0, 0, 0, 1, 0, 0, 0),
(NULL, 1797, 0, 1, 1, 0, 0, 1055.86, 1422.07, 43.1021, 3.64967, 300, 15, 0, 0, 0, 0, 1, 0, 0, 0),
(NULL, 1797, 0, 1, 1, 0, 0, 913.704, 1534.22, 33.4558, 4.41813, 300, 15, 0, 0, 0, 0, 1, 0, 0, 0),
(NULL, 1797, 0, 1, 1, 0, 0, 172.647, 635.037, 49.0273, 3.51655, 300, 15, 0, 0, 0, 0, 1, 0, 0, 0),
(NULL, 1797, 0, 1, 1, 0, 0, 1004.79, 1496.47, 40.8197, 1.9454, 300, 15, 0, 0, 0, 0, 1, 0, 0, 0),
(NULL, 1797, 0, 1, 1, 0, 0, 923.361, 1223.5, 46.7962, 0.813015, 300, 15, 0, 0, 0, 0, 1, 0, 0, 0),
(NULL, 1797, 0, 1, 1, 0, 0, 1054.85, 1696.42, 25.4466, 0.424504, 300, 15, 0, 0, 0, 0, 1, 0, 0, 0),
(NULL, 1797, 0, 1, 1, 0, 0, -55.4846, 1330.07, 63.8174, 3.04743, 300, 15, 0, 0, 0, 0, 1, 0, 0, 0),
(NULL, 1797, 0, 1, 1, 0, 0, 832.339, 1217.93, 50.8963, 4.15907, 300, 15, 0, 0, 0, 0, 1, 0, 0, 0),
(NULL, 1797, 0, 1, 1, 0, 0, 321.578, 617.835, 42.0414, 5.65232, 300, 15, 0, 0, 0, 0, 1, 0, 0, 0),
(NULL, 1797, 0, 1, 1, 0, 0, 1124.9, 1738.73, 19.2789, 4.11518, 300, 15, 0, 0, 0, 0, 1, 0, 0, 0),
(NULL, 1797, 0, 1, 1, 0, 0, 795.161, 1389.73, 61.1087, 5.20464, 300, 15, 0, 0, 0, 0, 1, 0, 0, 0),
(NULL, 1797, 0, 1, 1, 0, 0, 675.157, 1270.38, 77.5157, 2.04144, 300, 15, 0, 0, 0, 0, 1, 0, 0, 0),
(NULL, 1797, 0, 1, 1, 0, 0, 762.248, 1472.38, 60.0812, 5.90644, 300, 15, 0, 0, 0, 0, 1, 0, 0, 0);


-- -- -- -- -- -- -- -- -- -- --
-- Darktusk Boar  (ID: 46575) --
-- -- -- -- -- -- -- -- -- -- --

-- Darktusk Boar - new template --
INSERT INTO `creature_template` (`entry`, `difficulty_entry_1`, `difficulty_entry_2`, `difficulty_entry_3`, `KillCredit1`, `KillCredit2`, `modelid1`, `modelid2`, `modelid3`, `modelid4`, `name`, `subname`, `IconName`, `gossip_menu_id`, `minlevel`, `maxlevel`, `exp`, `faction_A`, `faction_H`, `npcflag`, `speed_walk`, `speed_run`, `scale`, `rank`, `mindmg`, `maxdmg`, `dmgschool`, `attackpower`, `dmg_multiplier`, `baseattacktime`, `rangeattacktime`, `unit_class`, `unit_flags`, `dynamicflags`, `family`, `trainer_type`, `trainer_spell`, `trainer_class`, `trainer_race`, `minrangedmg`, `maxrangedmg`, `rangedattackpower`, `type`, `type_flags`, `lootid`, `pickpocketloot`, `skinloot`, `resistance1`, `resistance2`, `resistance3`, `resistance4`, `resistance5`, `resistance6`, `spell1`, `spell2`, `spell3`, `spell4`, `spell5`, `spell6`, `spell7`, `spell8`, `PetSpellDataId`, `VehicleId`, `mingold`, `maxgold`, `AIName`, `MovementType`, `InhabitType`, `Health_mod`, `Mana_mod`, `Armor_mod`, `RacialLeader`, `questItem1`, `questItem2`, `questItem3`, `questItem4`, `questItem5`, `questItem6`, `movementId`, `RegenHealth`, `equipment_id`, `mechanic_immune_mask`, `flags_extra`, `ScriptName`, `WDBVerified`) VALUES
(46575, 0, 0, 0, 0, 0, 744, 0, 0, 0, 'Darktusk Boar', '', '', 0, 13, 13, 0, 7, 7, 0, 1, 1, 1, 0, 18, 24, 0, 48, 1, 2000, 0, 1, 32768, 2048, 5, 0, 0, 0, 0, 12, 18, 1, 1, 1, 46575, 0, 46575, 0, 0, 0, 0, 0, 0, 0, 0, 0, 0, 0, 0, 0, 0, 0, 0, 0, 0, 'SmartAI', 0, 3, 1, 1, 1, 0, 0, 0, 0, 0, 0, 0, 0, 1, 46575, 0, 0, '', 0);

-- Darktusk Boar - equip --
INSERT INTO `creature_equip_template` (`entry`, `equipentry1`, `equipentry2`, `equipentry3`) VALUES
(46575, 0, 0, 0);

-- Darktusk Boar - addon --
INSERT INTO `creature_template_addon` (`entry`, `path_id`, `mount`, `bytes1`, `bytes2`, `emote`, `auras`) VALUES
(46575, 0, 0, 0, 0, 0, '');

-- Darktusk Boar - SAI --
INSERT INTO `smart_scripts` (`entryorguid`, `source_type`, `id`, `link`, `event_type`, `event_phase_mask`, `event_chance`, `event_flags`, `event_param1`, `event_param2`, `event_param3`, `event_param4`, `action_type`, `action_param1`, `action_param2`, `action_param3`, `action_param4`, `action_param5`, `action_param6`, `target_type`, `target_param1`, `target_param2`, `target_param3`, `target_x`, `target_y`, `target_z`, `target_o`, `comment`) VALUES
(46575, 0, 0, 0, 9, 0, 100, 1, 2, 25, 0, 0, 11, 6268, 0, 0, 0, 0, 0, 2, 0, 0, 0, 0, 0, 0, 0, 'Darktusk Boar - cast Rushing Charge'),
(46575, 0, 1, 0, 2, 0, 100, 0, 0, 35, 0, 0, 11, 84873, 0, 0, 0, 0, 0, 0, 0, 0, 0, 0, 0, 0, 0, 'Darktusk Boar - cast Wallow');

-- Darktusk Boar - loot --
INSERT INTO `creature_loot_template` (`entry`, `item`, `ChanceOrQuestChance`, `lootmode`, `groupid`, `mincountOrRef`, `maxcount`) VALUES
(46575, 769, 66.9, 1, 0, 1, 1),
(46575, 1498, 0.2, 1, 0, 1, 1),
(46575, 1499, 0.9, 1, 0, 1, 1),
(46575, 1501, 0.1, 1, 0, 1, 1),
(46575, 1502, 0.2, 1, 0, 1, 1),
(46575, 1503, 0.1, 1, 0, 1, 1),
(46575, 1504, 0.3, 1, 0, 1, 1),
(46575, 1506, 0.3, 1, 0, 1, 1),
(46575, 1509, 0.1, 1, 0, 1, 1),
(46575, 1510, 0.2, 1, 0, 1, 1),
(46575, 1511, 0.2, 1, 0, 1, 1),
(46575, 1512, 0.4, 1, 0, 1, 1),
(46575, 1513, 0.2, 1, 0, 1, 1),
(46575, 1514, 0.2, 1, 0, 1, 1),
(46575, 1516, 0.2, 1, 0, 1, 1),
(46575, 1731, 0.3, 1, 0, 1, 1),
(46575, 1734, 0.1, 1, 0, 1, 1),
(46575, 1735, 0.2, 1, 0, 1, 1),
(46575, 2214, 0.7, 1, 0, 1, 1),
(46575, 2215, 0.2, 1, 0, 1, 1),
(46575, 2295, 14.3, 1, 0, 1, 1),
(46575, 2632, 0.1, 1, 0, 1, 1),
(46575, 2677, 13.4, 1, 0, 1, 1),
(46575, 2778, 0.3, 1, 0, 1, 1),
(46575, 2970, 0.1, 1, 0, 1, 1),
(46575, 2978, 0.1, 1, 0, 1, 1),
(46575, 3207, 0.2, 1, 0, 1, 1),
(46575, 3213, 0.1, 1, 0, 1, 1),
(46575, 3374, 0.1, 1, 0, 1, 1),
(46575, 3375, 0.3, 1, 0, 1, 1),
(46575, 3652, 0.2, 1, 0, 1, 1),
(46575, 4564, 0.4, 1, 0, 1, 1),
(46575, 4569, 0.1, 1, 0, 1, 1),
(46575, 4577, 0.1, 1, 0, 1, 1),
(46575, 4677, 0.1, 1, 0, 1, 1),
(46575, 4678, 0.3, 1, 0, 1, 1),
(46575, 4683, 0.1, 1, 0, 1, 1),
(46575, 4684, 0.1, 1, 0, 1, 1),
(46575, 4689, 0.1, 1, 0, 1, 1),
(46575, 4690, 0.2, 1, 0, 1, 1),
(46575, 4865, 85.6, 1, 0, 1, 1),
(46575, 5071, 0.1, 1, 0, 1, 1),
(46575, 6266, 0.2, 1, 0, 1, 1),
(46575, 6271, 0.1, 1, 0, 1, 1),
(46575, 6539, 0.2, 1, 0, 1, 1),
(46575, 6549, 0.1, 1, 0, 1, 1),
(46575, 6556, 0.2, 1, 0, 1, 1),
(46575, 6558, 0.1, 1, 0, 1, 1),
(46575, 9742, 0.1, 1, 0, 1, 1),
(46575, 9743, 0.2, 1, 0, 1, 1),
(46575, 9744, 0.1, 1, 0, 1, 1),
(46575, 9746, 0.2, 1, 0, 1, 1),
(46575, 9747, 0.1, 1, 0, 1, 1),
(46575, 9750, 0.1, 1, 0, 1, 1),
(46575, 9751, 0.2, 1, 0, 1, 1),
(46575, 9752, 0.2, 1, 0, 1, 1),
(46575, 9757, 0.1, 1, 0, 1, 1),
(46575, 9759, 0.1, 1, 0, 1, 1),
(46575, 9760, 0.1, 1, 0, 1, 1),
(46575, 9763, 0.2, 1, 0, 1, 1),
(46575, 9764, 0.2, 1, 0, 1, 1),
(46575, 9786, 0.2, 1, 0, 1, 1),
(46575, 15926, 0.1, 1, 0, 1, 1),
(46575, 15933, 0.1, 1, 0, 1, 1);

-- Darktusk Boar - skinning --
INSERT INTO `skinning_loot_template` (`entry`, `item`, `ChanceOrQuestChance`, `lootmode`, `groupid`, `mincountOrRef`, `maxcount`) VALUES
(46575, 783, 4.08, 1, 0, 1, 2),
(46575, 2318, 59, 1, 0, 1, 2),
(46575, 2934, 35.4, 1, 0, 1, 2);

-- Darktusk Boar - spawns --
INSERT INTO `creature` (`guid`, `id`, `map`, `spawnMask`, `phaseMask`, `modelid`, `equipment_id`, `position_x`, `position_y`, `position_z`, `orientation`, `spawntimesecs`, `spawndist`, `currentwaypoint`, `curhealth`, `curmana`, `DeathState`, `MovementType`, `npcflag`, `unit_flags`, `dynamicflags`) VALUES
(NULL, 46575, 0, 1, 1, 0, 0, 180.276, 1478.34, 114.563, 5.06364, 300, 15, 0, 0, 0, 0, 1, 0, 0, 0),
(NULL, 46575, 0, 1, 1, 0, 0, 310.675, 1446.76, 114.945, 0.963675, 300, 15, 0, 0, 0, 0, 1, 0, 0, 0),
(NULL, 46575, 0, 1, 1, 0, 0, -23.96, 742.568, 63.8975, 4.44745, 300, 15, 0, 0, 0, 0, 1, 0, 0, 0),
(NULL, 46575, 0, 1, 1, 0, 0, 46.0335, 723.005, 63.6935, 6.13317, 300, 15, 0, 0, 0, 0, 1, 0, 0, 0),
(NULL, 46575, 0, 1, 1, 0, 0, 299.983, 1487.43, 115.038, 1.29496, 300, 15, 0, 0, 0, 0, 1, 0, 0, 0),
(NULL, 46575, 0, 1, 1, 0, 0, 5.4479, 711.65, 63.7214, 3.76928, 300, 15, 0, 0, 0, 0, 1, 0, 0, 0),
(NULL, 46575, 0, 1, 1, 0, 0, 61.7722, 692.174, 63.6969, 3.78572, 300, 15, 0, 0, 0, 0, 1, 0, 0, 0),
(NULL, 46575, 0, 1, 1, 0, 0, 109.476, 1453.94, 115.435, 5.67232, 300, 15, 0, 0, 0, 0, 1, 0, 0, 0),
(NULL, 46575, 0, 1, 1, 0, 0, -24.8575, 710.514, 64.4858, 4.24564, 300, 15, 0, 0, 0, 0, 1, 0, 0, 0),
(NULL, 46575, 0, 1, 1, 0, 0, 294.683, 1541.77, 116.613, 1.99054, 300, 15, 0, 0, 0, 0, 1, 0, 0, 0),
(NULL, 46575, 0, 1, 1, 0, 0, 240.932, 1507.46, 116.169, 2.53536, 300, 15, 0, 0, 0, 0, 1, 0, 0, 0),
(NULL, 46575, 0, 1, 1, 0, 0, 80.4714, 720.766, 62.4298, 3.76066, 300, 15, 0, 0, 0, 0, 1, 0, 0, 0),
(NULL, 46575, 0, 1, 1, 0, 0, 180.187, 1447.43, 114.47, 4.53388, 300, 15, 0, 0, 0, 0, 1, 0, 0, 0),
(NULL, 46575, 0, 1, 1, 0, 0, 262.309, 1424.62, 115.036, 3.99538, 300, 15, 0, 0, 0, 0, 1, 0, 0, 0),
(NULL, 46575, 0, 1, 1, 0, 0, 287.592, 1450.29, 115.015, 5.63919, 300, 15, 0, 0, 0, 0, 1, 0, 0, 0),
(NULL, 46575, 0, 1, 1, 0, 0, 155.47, 1489.59, 114.519, 0.831288, 300, 15, 0, 0, 0, 0, 1, 0, 0, 0),
(NULL, 46575, 0, 1, 1, 0, 0, 24.8132, 693.087, 63.8207, 3.96205, 300, 15, 0, 0, 0, 0, 1, 0, 0, 0),
(NULL, 46575, 0, 1, 1, 0, 0, 218.09, 1523.42, 116.188, 1.35988, 300, 15, 0, 0, 0, 0, 1, 0, 0, 0),
(NULL, 46575, 0, 1, 1, 0, 0, 269.601, 1537.21, 116.613, 4.76802, 300, 15, 0, 0, 0, 0, 1, 0, 0, 0),
(NULL, 46575, 0, 1, 1, 0, 0, 16.8155, 746.511, 63.7832, 0.602637, 300, 15, 0, 0, 0, 0, 1, 0, 0, 0),
(NULL, 46575, 0, 1, 1, 0, 0, 236.745, 1479.96, 115.372, 6.11474, 300, 15, 0, 0, 0, 0, 1, 0, 0, 0),
(NULL, 46575, 0, 1, 1, 0, 0, 189.319, 1502.2, 114.563, 5.55094, 300, 15, 0, 0, 0, 0, 1, 0, 0, 0),
(NULL, 46575, 0, 1, 1, 0, 0, 53.3492, 754.755, 63.7948, 1.91395, 300, 15, 0, 0, 0, 0, 1, 0, 0, 0);


-- -- -- -- -- -- -- -- --
-- Effritus (ID: 47012) --
-- -- -- -- -- -- -- -- --

-- Effritus - new template --
INSERT INTO `creature_template` (`entry`, `difficulty_entry_1`, `difficulty_entry_2`, `difficulty_entry_3`, `KillCredit1`, `KillCredit2`, `modelid1`, `modelid2`, `modelid3`, `modelid4`, `name`, `subname`, `IconName`, `gossip_menu_id`, `minlevel`, `maxlevel`, `exp`, `faction_A`, `faction_H`, `npcflag`, `speed_walk`, `speed_run`, `scale`, `rank`, `mindmg`, `maxdmg`, `dmgschool`, `attackpower`, `dmg_multiplier`, `baseattacktime`, `rangeattacktime`, `unit_class`, `unit_flags`, `dynamicflags`, `family`, `trainer_type`, `trainer_spell`, `trainer_class`, `trainer_race`, `minrangedmg`, `maxrangedmg`, `rangedattackpower`, `type`, `type_flags`, `lootid`, `pickpocketloot`, `skinloot`, `resistance1`, `resistance2`, `resistance3`, `resistance4`, `resistance5`, `resistance6`, `spell1`, `spell2`, `spell3`, `spell4`, `spell5`, `spell6`, `spell7`, `spell8`, `PetSpellDataId`, `VehicleId`, `mingold`, `maxgold`, `AIName`, `MovementType`, `InhabitType`, `Health_mod`, `Mana_mod`, `Armor_mod`, `RacialLeader`, `questItem1`, `questItem2`, `questItem3`, `questItem4`, `questItem5`, `questItem6`, `movementId`, `RegenHealth`, `equipment_id`, `mechanic_immune_mask`, `flags_extra`, `ScriptName`) VALUES 
(47012, 0, 0, 0, 0, 0, 26799, 0, 0, 0,  'Effritus',  '',  '', 0, 1, 1, 0, 19, 19, 0, 1, 1.14286, 0, 4, 0, 0, 0, 0, 1, 0, 0, 1, 0, 0, 0, 0, 0, 0, 0, 0, 0, 0, 6, 512, 0, 0, 0, 0, 0, 0, 0, 0, 0, 0, 0, 0, 0, 0, 0, 0, 0, 0, 0, 0, 0,  '', 0, 0, 2, 1, 1, 0, 0, 0, 0, 0, 0, 0, 0, 1, 0, 0, 0,  '');

-- Effritus - equip --
INSERT INTO `creature_equip_template` (`entry`, `equipentry1`, `equipentry2`, `equipentry3`) VALUES
(47012, 0, 0, 0);

-- Effritus - addon --
INSERT INTO `creature_template_addon` (`entry`, `path_id`, `mount`, `bytes1`, `bytes2`, `emote`, `auras`) VALUES
(47012, 0, 0, 0, 0, 0, '');

-- Effritus - SAI --
INSERT INTO `smart_scripts` (`entryorguid`, `source_type`, `id`, `link`, `event_type`, `event_phase_mask`, `event_chance`, `event_flags`, `event_param1`, `event_param2`, `event_param3`, `event_param4`, `action_type`, `action_param1`, `action_param2`, `action_param3`, `action_param4`, `action_param5`, `action_param6`, `target_type`, `target_param1`, `target_param2`, `target_param3`, `target_x`, `target_y`, `target_z`, `target_o`, `comment`) VALUES
(47012, 0, 0, 0, 0, 0, 100, 0, 0, 0, 0, 0, 11, 81173, 0, 0, 0, 0, 0, 0, 0, 0, 0, 0, 0, 0, 0, 'Effritus - cast Frezy'),
(47012, 0, 1, 0, 2, 0, 100, 0, 0, 35, 0, 0, 11, 28995, 0, 0, 0, 0, 0, 0, 0, 0, 0, 0, 0, 0, 0, 'Effritus - cast Stoneskin');

-- Effritus - loot --
INSERT INTO `creature_loot_template` (`entry`, `item`, `ChanceOrQuestChance`, `lootmode`, `groupid`, `mincountOrRef`, `maxcount`) VALUES
(47012, 1738, 0.2, 1, 0, 1, 1),
(47012, 1743, 0.2, 1, 0, 1, 1),
(47012, 1766, 0.2, 1, 0, 1, 1),
(47012, 1767, 0.8, 1, 0, 1, 1),
(47012, 1769, 0.6, 1, 0, 1, 1),
(47012, 1787, 0.4, 1, 0, 1, 1),
(47012, 1791, 0.2, 1, 0, 1, 1),
(47012, 1792, 0.2, 1, 0, 1, 1),
(47012, 1814, 0.2, 1, 0, 1, 1),
(47012, 1815, 0.2, 1, 0, 1, 1),
(47012, 1817, 0.2, 1, 0, 1, 1),
(47012, 2078, 0.4, 1, 0, 1, 1),
(47012, 2216, 0.4, 1, 0, 1, 1),
(47012, 2217, 0.2, 1, 0, 1, 1),
(47012, 2780, 0.6, 1, 0, 1, 1),
(47012, 2781, 0.4, 1, 0, 1, 1),
(47012, 2973, 0.6, 1, 0, 1, 1),
(47012, 2984, 0.2, 1, 0, 1, 1),
(47012, 2987, 0.2, 1, 0, 1, 1),
(47012, 5212, 0.2, 1, 0, 1, 1),
(47012, 6378, 0.2, 1, 0, 1, 1),
(47012, 6536, 1.3, 1, 0, 1, 1),
(47012, 6538, 1.9, 1, 0, 1, 1),
(47012, 6540, 8.8, 1, 0, 1, 1),
(47012, 6545, 6.9, 1, 0, 1, 1),
(47012, 6546, 2.5, 1, 0, 1, 1),
(47012, 6547, 5.8, 1, 0, 1, 1),
(47012, 6551, 5.4, 1, 0, 1, 1),
(47012, 6552, 1.3, 1, 0, 1, 1),
(47012, 6553, 8.8, 1, 0, 1, 1),
(47012, 6554, 3.8, 1, 0, 1, 1),
(47012, 6562, 0.4, 1, 0, 1, 1),
(47012, 6563, 1.2, 1, 0, 1, 1),
(47012, 6564, 0.8, 1, 0, 1, 1),
(47012, 6575, 2.5, 1, 0, 1, 1),
(47012, 6581, 1, 1, 0, 1, 1),
(47012, 6583, 1, 1, 0, 1, 1),
(47012, 6585, 1, 1, 0, 1, 1),
(47012, 9766, 2.7, 1, 0, 1, 1),
(47012, 9767, 1.5, 1, 0, 1, 1),
(47012, 9768, 1.3, 1, 0, 1, 1),
(47012, 9770, 0.8, 1, 0, 1, 1),
(47012, 9771, 1.2, 1, 0, 1, 1),
(47012, 9775, 1.3, 1, 0, 1, 1),
(47012, 9776, 4, 1, 0, 1, 1),
(47012, 9777, 1.5, 1, 0, 1, 1),
(47012, 9779, 13.7, 1, 0, 1, 1),
(47012, 9780, 1.2, 1, 0, 1, 1),
(47012, 9783, 2.3, 1, 0, 1, 1),
(47012, 9784, 1.2, 1, 0, 1, 1),
(47012, 9785, 2.5, 1, 0, 1, 1),
(47012, 9787, 1.5, 1, 0, 1, 1),
(47012, 9788, 7.7, 1, 0, 1, 1),
(47012, 9789, 2.5, 1, 0, 1, 1),
(47012, 10407, 0.8, 1, 0, 1, 1),
(47012, 54831, 15.2, 1, 0, 1, 1),
(47012, 56034, 77.3, 1, 0, 1, 1);

-- Effritus - mining --

-- Effritus - spawns --
INSERT INTO `creature` (`guid`, `id`, `map`, `spawnMask`, `phaseMask`, `modelid`, `equipment_id`, `position_x`, `position_y`, `position_z`, `orientation`, `spawntimesecs`, `spawndist`, `currentwaypoint`, `curhealth`, `curmana`, `DeathState`, `MovementType`, `npcflag`, `unit_flags`, `dynamicflags`) VALUES
(NULL, 47012, 0, 1, 1, 0, 0, -291.434, 1478.55, 48.09573, 4.520403, 3600, 0, 0, 0, 0, 0, 0, 0, 0, 0);


-- -- -- -- -- -- -- -- -- -- -- -- -- -- -- -- --
-- 7th Legion Scout (ID: 45883) and (ID: 46040) --
-- -- -- -- -- -- -- -- -- -- -- -- -- -- -- -- --

-- 7th Legion Scout - new template --
UPDATE `creature_template` SET `AIName` = 'SmartAI' WHERE `entry` IN (45883,46040);

-- 7th Legion Scout - addon --
INSERT INTO `creature_template_addon` (`entry`, `path_id`, `mount`, `bytes1`, `bytes2`, `emote`, `auras`) VALUES
(45883, 0, 0, 0, 0, 0, '84442 0'),
(46040, 0, 0, 0, 0, 0, '84442 0');

-- 7th Legion Scout - SAI --
INSERT INTO `smart_scripts` (`entryorguid`, `source_type`, `id`, `link`, `event_type`, `event_phase_mask`, `event_chance`, `event_flags`, `event_param1`, `event_param2`, `event_param3`, `event_param4`, `action_type`, `action_param1`, `action_param2`, `action_param3`, `action_param4`, `action_param5`, `action_param6`, `target_type`, `target_param1`, `target_param2`, `target_param3`, `target_x`, `target_y`, `target_z`, `target_o`, `comment`) VALUES
(45883, 0, 0, 0, 0, 0, 100, 0, 0, 0, 0, 0, 11, 46040, 0, 0, 0, 0, 0, 0, 0, 0, 0, 0, 0, 0, 0, '7th Legion Scout - cast Fan of Knives'),
(45883, 0, 1, 0, 0, 0, 100, 0, 0, 0, 0, 0, 80, 4604000, 0, 0, 0, 0, 0, 0, 0, 0, 0, 0, 0, 0, 0, '7th Legion Scout - call timed actionlist - Shadowstep & Backstap'),
(4588300, 9, 0, 0, 0, 0, 100, 0, 0, 0, 0, 0, 11, 80576, 2, 0, 0, 0, 0, 0, 0, 0, 0, 0, 0, 0, 0, '7th Legion Scout - cast Shadowstep'),
(4588300, 9, 1, 0, 0, 0, 100, 0, 0, 0, 0, 0, 11, 79862, 0, 0, 0, 0, 0, 2, 0, 0, 0, 0, 0, 0, 0, '7th Legion Scout - cast Backstab'),
(46040, 0, 0, 0, 0, 0, 100, 0, 0, 0, 0, 0, 11, 46040, 0, 0, 0, 0, 0, 0, 0, 0, 0, 0, 0, 0, 0, '7th Legion Scout - cast Fan of Knives'),
(46040, 0, 1, 0, 0, 0, 100, 0, 0, 0, 0, 0, 80, 4604000, 0, 0, 0, 0, 0, 0, 0, 0, 0, 0, 0, 0, 0, '7th Legion Scout - call timed actionlist - Shadowstep & Backstap'),
(4604000, 9, 0, 0, 0, 0, 100, 0, 0, 0, 0, 0, 11, 80576, 2, 0, 0, 0, 0, 0, 0, 0, 0, 0, 0, 0, 0, '7th Legion Scout - cast Shadowstep'),
(4604000, 9, 1, 0, 0, 0, 100, 0, 0, 0, 0, 0, 11, 79862, 0, 0, 0, 0, 0, 2, 0, 0, 0, 0, 0, 0, 0, '7th Legion Scout - cast Backstab');


-- -- -- -- -- -- -- -- -- -- -- -- -- -- -- -- -- -- --
-- 7th Legion Submariner  (ID: 45403) and (ID: 46065) --
-- -- -- -- -- -- -- -- -- -- -- -- -- -- -- -- -- -- --

-- 7th Legion Submariner - new template --
UPDATE `creature_template` SET `AIName` = 'SmartAI' WHERE `entry` IN (45403,46065);

-- 7th Legion Submariner - SAI --
INSERT INTO `smart_scripts` (`entryorguid`, `source_type`, `id`, `link`, `event_type`, `event_phase_mask`, `event_chance`, `event_flags`, `event_param1`, `event_param2`, `event_param3`, `event_param4`, `action_type`, `action_param1`, `action_param2`, `action_param3`, `action_param4`, `action_param5`, `action_param6`, `target_type`, `target_param1`, `target_param2`, `target_param3`, `target_x`, `target_y`, `target_z`, `target_o`, `comment`) VALUES
(45403, 0, 0, 0, 4, 1, 100, 0, 0, 0, 0, 0, 21, 0, 0, 0, 0, 0, 0, 0, 0, 0, 0, 0, 0, 0, 0, '7th Legion Submariner - disallow combat movement when attacked'),
(45403, 0, 1, 0, 0, 1, 100, 0, 0, 0, 0, 0, 11, 86249, 0, 0, 0, 0, 0, 2, 0, 0, 0, 0, 0, 0, 0, '7th Legion Submariner - cast Throw'),
(45403, 0, 2, 3, 9, 0, 100, 0, 0, 5, 1500, 1500, 21, 1, 0, 0, 0, 0, 0, 0, 0, 0, 0, 0, 0, 0, 0, '7th Legion Submariner - allow combat movement when player at the distance of 5 yards'),
(45403, 0, 3, 0, 61, 0, 100, 0, 0, 0, 0, 0, 22, 2, 0, 0, 0, 0, 0, 0, 0, 0, 0, 0, 0, 0, 0, '7th Legion Submariner - set event phase 2 when player at the distance of less than 5 yards'),
(45403, 0, 4, 0, 0, 2, 100, 0, 0, 0, 0, 0, 11, 81087, 0, 0, 0, 0, 0, 2, 0, 0, 0, 0, 0, 0, 0, '7th Legion Submariner - cast Puncture Wound'),
(45403, 0, 5, 0, 25, 0, 100, 0, 0, 0, 0, 0, 22, 1, 0, 0, 0, 0, 0, 0, 0, 0, 0, 0, 0, 0, 0, '7th Legion Submariner - set event phase 1 on reset'),
(45403, 0, 6, 0, 9, 0, 100, 0, 5, 30, 1500, 1500, 22, 2, 0, 0, 0, 0, 0, 0, 0, 0, 0, 0, 0, 0, 0, '7th Legion Submariner - set event phase 1 when player at the distance of more than 5 yards'),
(46065, 0, 0, 0, 9, 1, 100, 0, 0, 0, 0, 0, 21, 0, 0, 0, 0, 0, 0, 0, 0, 0, 0, 0, 0, 0, 0, '7th Legion Submariner - disallow combat movement when attacked'),
(46065, 0, 1, 0, 0, 1, 100, 0, 0, 0, 0, 0, 11, 86249, 0, 0, 0, 0, 0, 2, 0, 0, 0, 0, 0, 0, 0, '7th Legion Submariner - cast Throw'),
(46065, 0, 2, 3, 9, 0, 100, 0, 0, 5, 1500, 1500, 21, 1, 0, 0, 0, 0, 0, 0, 0, 0, 0, 0, 0, 0, 0, '7th Legion Submariner - allow combat movement when player at the distance of 5 yards'),
(46065, 0, 3, 0, 61, 0, 100, 0, 0, 0, 0, 0, 22, 2, 0, 0, 0, 0, 0, 0, 0, 0, 0, 0, 0, 0, 0, '7th Legion Submariner - set event phase 2 when player at the distance of 5 yards'),
(46065, 0, 4, 0, 0, 2, 100, 0, 0, 0, 0, 0, 11, 81087, 0, 0, 0, 0, 0, 2, 0, 0, 0, 0, 0, 0, 0, '7th Legion Submariner - cast Puncture Wound'),
(46065, 0, 5, 0, 25, 0, 100, 0, 0, 0, 0, 0, 22, 1, 0, 0, 0, 0, 0, 0, 0, 0, 0, 0, 0, 0, 0, '7th Legion Submariner - set event phase 1 on reset'),
(46065, 0, 6, 0, 9, 0, 100, 0, 5, 30, 1500, 1500, 22, 2, 0, 0, 0, 0, 0, 0, 0, 0, 0, 0, 0, 0, 0, '7th Legion Submariner - set event phase 1 when player at the distance of more than 5 yards');


-- -- -- -- -- -- -- -- -- -- 
-- Abomination (ID: 46058) --
-- -- -- -- -- -- -- -- -- --

-- Abomination - new template --
INSERT INTO `creature_template` (`entry`, `difficulty_entry_1`, `difficulty_entry_2`, `difficulty_entry_3`, `KillCredit1`, `KillCredit2`, `modelid1`, `modelid2`, `modelid3`, `modelid4`, `name`, `subname`, `IconName`, `gossip_menu_id`, `minlevel`, `maxlevel`, `exp`, `faction_A`, `faction_H`, `npcflag`, `speed_walk`, `speed_run`, `scale`, `rank`, `mindmg`, `maxdmg`, `dmgschool`, `attackpower`, `dmg_multiplier`, `baseattacktime`, `rangeattacktime`, `unit_class`, `unit_flags`, `dynamicflags`, `family`, `trainer_type`, `trainer_spell`, `trainer_class`, `trainer_race`, `minrangedmg`, `maxrangedmg`, `rangedattackpower`, `type`, `type_flags`, `lootid`, `pickpocketloot`, `skinloot`, `resistance1`, `resistance2`, `resistance3`, `resistance4`, `resistance5`, `resistance6`, `spell1`, `spell2`, `spell3`, `spell4`, `spell5`, `spell6`, `spell7`, `spell8`, `PetSpellDataId`, `VehicleId`, `mingold`, `maxgold`, `AIName`, `MovementType`, `InhabitType`, `Health_mod`, `Mana_mod`, `Armor_mod`, `RacialLeader`, `questItem1`, `questItem2`, `questItem3`, `questItem4`, `questItem5`, `questItem6`, `movementId`, `RegenHealth`, `equipment_id`, `mechanic_immune_mask`, `flags_extra`, `ScriptName`, `WDBVerified`) VALUES
(46058, 0, 0, 0, 0, 0, 10612, 10613, 0, 0, 'Abomination', '', '', 0, 18, 19, 0, 118, 118, 0, 1, 1, 1, 1, 27, 37, 0, 68, 1.7, 2000, 0, 1, 32768, 2048, 0, 0, 0, 0, 0, 19, 27, 3, 6, 0, 0, 0, 0, 0, 0, 0, 0, 0, 0, 0, 0, 0, 0, 0, 0, 0, 0, 0, 0, 0, 0, 'SmartAI', 0, 3, 4, 1, 1, 0, 0, 0, 0, 0, 0, 0, 0, 1, 46058, 613097436, 0, '', 1);

-- Abomination - equip
INSERT INTO `creature_equip_template` (`entry`, `equipentry1`, `equipentry2`, `equipentry3`) VALUES
(46058, 0, 0, 0);

-- Abomination - addon --
INSERT INTO `creature_template_addon` (`entry`, `path_id`, `mount`, `bytes1`, `bytes2`, `emote`, `auras`) VALUES
(46058, 0, 0, 0, 1, 0, '');

-- Abomination - SAI --
INSERT INTO `smart_scripts` (`entryorguid`, `source_type`, `id`, `link`, `event_type`, `event_phase_mask`, `event_chance`, `event_flags`, `event_param1`, `event_param2`, `event_param3`, `event_param4`, `action_type`, `action_param1`, `action_param2`, `action_param3`, `action_param4`, `action_param5`, `action_param6`, `target_type`, `target_param1`, `target_param2`, `target_param3`, `target_x`, `target_y`, `target_z`, `target_o`, `comment`) VALUES
(46058, 0, 0, 0, 9, 0, 100, 1, 8, 40, 0, 0, 11, 50335, 0, 0, 0, 0, 0, 2, 0, 0, 0, 0, 0, 0, 0, 'Abomination - cast Scourge Hook'),
(46058, 0, 1, 0, 0, 0, 100, 0, 0, 0, 0, 0, 11, 40504, 0, 0, 0, 0, 0, 2, 0, 0, 0, 0, 0, 0, 0, 'Abomination - cast Cleave');

-- Abomination - spawns --
INSERT INTO `creature` (`guid`, `id`, `map`, `spawnMask`, `phaseMask`, `modelid`, `equipment_id`, `position_x`, `position_y`, `position_z`, `orientation`, `spawntimesecs`, `spawndist`, `currentwaypoint`, `curhealth`, `curmana`, `DeathState`, `MovementType`, `npcflag`, `unit_flags`, `dynamicflags`) VALUES
(NULL, 46058, 0, 1, 1, 0, 0, -296.315, 1246.08, 45.7632, 0.157769, 300, 0, 0, 0, 0, 0, 0, 0, 0, 0),
(NULL, 46058, 0, 1, 1, 0, 0, -213.092, 1242.26, 50.1427, 4.79555, 300, 0, 0, 0, 0, 0, 0, 0, 0, 0),
(NULL, 46058, 0, 1, 1, 0, 0, -289.969, 1309.94, 39.8913, 4.97086, 300, 0, 0, 0, 0, 0, 0, 0, 0, 0),
(NULL, 46058, 0, 1, 1, 0, 0, -252.855, 1354.5, 37.9742, 5.67805, 300, 0, 0, 0, 0, 0, 0, 0, 0, 0),
(NULL, 46058, 0, 1, 1, 0, 0, -197.572, 1281.07, 39.6277, 1.23618, 300, 0, 0, 0, 0, 0, 0, 0, 0, 0),
(NULL, 46058, 0, 1, 1, 0, 0, -213.514, 1348.12, 35.8643, 5.94829, 300, 0, 0, 0, 0, 0, 0, 0, 0, 0),
(NULL, 46058, 0, 1, 1, 0, 0, -260.005, 1277.59, 45.0713, 3.27009, 300, 0, 0, 0, 0, 0, 0, 0, 0, 0),
(NULL, 46058, 0, 1, 1, 0, 0, -279.176, 1409.07, 35.6156, 2.48074, 300, 0, 0, 0, 0, 0, 0, 0, 0, 0);


-- -- -- -- -- -- -- -- -- -- -- -- 
-- Worgen Commando   (ID: 45861) --
-- -- -- -- -- -- -- -- -- -- -- --

-- Worgen Commando - new template --
UPDATE `creature_template` SET `AIName` = 'SmartAI' WHERE `entry` IN (45861);

-- Worgen Commando - SAI --
INSERT INTO `smart_scripts` (`entryorguid`, `source_type`, `id`, `link`, `event_type`, `event_phase_mask`, `event_chance`, `event_flags`, `event_param1`, `event_param2`, `event_param3`, `event_param4`, `action_type`, `action_param1`, `action_param2`, `action_param3`, `action_param4`, `action_param5`, `action_param6`, `target_type`, `target_param1`, `target_param2`, `target_param3`, `target_x`, `target_y`, `target_z`, `target_o`, `comment`) VALUES
(45861, 0, 0, 0, 25, 0, 100, 0, 0, 0, 0, 0, 22, 1, 0, 0, 0, 0, 0, 0, 0, 0, 0, 0, 0, 0, 0, 'Worgen Commando - set event phase 1 on reset'),
(45861, 0, 1, 0, 0, 1, 100, 0, 0, 0, 0, 0, 11, 6660, 0, 0, 0, 0, 0, 2, 0, 0, 0, 0, 0, 0, 0, 'Worgen Commando - cast Shoot'),
(45861, 0, 2, 0, 0, 1, 100, 0, 0, 0, 0, 0, 11, 80003, 0, 0, 0, 0, 0, 2, 0, 0, 0, 0, 0, 0, 0, 'Worgen Commando - cast Black Arrow'),
(45861, 0, 3, 0, 0, 1, 100, 0, 0, 0, 0, 0, 11, 79721, 0, 0, 0, 0, 0, 2, 0, 0, 0, 0, 0, 0, 0, 'Worgen Commando - cast Explosive Shot'),
(45861, 0, 4, 0, 9, 0, 100, 0, 0, 5, 0, 0, 22, 0, 0, 0, 0, 0, 0, 0, 0, 0, 0, 0, 0, 0, 0, 'Worgen Commando - set event phase 2 when player at the distance of 5 yards'),
(45861, 0, 5, 0, 9, 0, 100, 0, 6, 45, 0, 0, 22, 1, 0, 0, 0, 0, 0, 0, 0, 0, 0, 0, 0, 0, 0, 'Worgen Commando - set event phase 1 when when player is at the distance greater than 5 yards');


-- -- -- -- -- -- -- -- -- -- -- -- 
-- Bartolo Ginsetti  (ID: 46060) --
-- -- -- -- -- -- -- -- -- -- -- --

-- Bartolo Ginsetti - new template --
UPDATE `creature_template` SET `AIName` = 'SmartAI' WHERE `entry` IN (46060);

-- Bartolo Ginsetti - SAI --
INSERT INTO `smart_scripts` (`entryorguid`, `source_type`, `id`, `link`, `event_type`, `event_phase_mask`, `event_chance`, `event_flags`, `event_param1`, `event_param2`, `event_param3`, `event_param4`, `action_type`, `action_param1`, `action_param2`, `action_param3`, `action_param4`, `action_param5`, `action_param6`, `target_type`, `target_param1`, `target_param2`, `target_param3`, `target_x`, `target_y`, `target_z`, `target_o`, `comment`) VALUES
(46060, 0, 0, 0, 0, 0, 100, 0, 0, 0, 0, 0, 11, 80182, 0, 0, 0, 0, 0, 2, 0, 0, 0, 0, 0, 0, 0, 'Bartolo Ginsetti - cast Uppercut');


-- -- -- -- -- -- -- -- -- -- -- -- -- -- -- -- -- --
-- Bloodfang Berserker (ID: 45860) and (ID: 46050) --
-- -- -- -- -- -- -- -- -- -- -- -- -- -- -- -- -- --

-- Bloodfang Berserker - new template --
UPDATE `creature_template` SET `AIName` = 'SmartAI' WHERE `entry` IN (45860,46050);

-- Bloodfang Berserker - SAI --
INSERT INTO `smart_scripts` (`entryorguid`,`source_type`,`id`,`link`,`event_type`,`event_phase_mask`,`event_chance`,`event_flags`,`event_param1`,`event_param2`,`event_param3`,`event_param4`,`action_type`,`action_param1`,`action_param2`,`action_param3`,`action_param4`,`action_param5`,`action_param6`,`target_type`,`target_param1`,`target_param2`,`target_param3`,`target_x`,`target_y`,`target_z`,`target_o`,`comment`) VALUES 
(45860, 0, 1, 0, 2, 0, 100, 1, 10, 40, 0, 0, 11, 63227, 0, 0, 0, 0, 0, 1, 0, 0, 0, 0, 0, 0, 0, "Bloodfang Berserker - cast Enrage"), 
(46050, 0, 1, 0, 2, 0, 100, 1, 10, 40, 0, 0, 11, 63227, 0, 0, 0, 0, 0, 1, 0, 0, 0, 0, 0, 0, 0, "Bloodfang Berserker - cast Enrage"), 
(45860, 0, 0, 0, 0, 0, 100, 1, 0, 0, 0, 0, 11, 79881, 0, 0, 0, 0, 0, 2, 0, 0, 0, 0, 0, 0, 0, "Bloodfang Berserker - cast Enrage"), 
(46050, 0, 0, 0, 0, 0, 100, 1, 0, 0, 0, 0, 11, 79881, 0, 0, 0, 0, 0, 2, 0, 0, 0, 0, 0, 0, 0, "Bloodfang Berserker - cast Enrage");


-- -- -- -- -- -- -- -- -- -- -- -- -- -- -- -- -- --
-- Bloodfang Scavenger (ID: 44547) and (ID: 44549) --
-- -- -- -- -- -- -- -- -- -- -- -- -- -- -- -- -- --

-- Bloodfang Scavenger - new template --
INSERT INTO `creature_template` (`entry`, `difficulty_entry_1`, `difficulty_entry_2`, `difficulty_entry_3`, `KillCredit1`, `KillCredit2`, `modelid1`, `modelid2`, `modelid3`, `modelid4`, `name`, `subname`, `IconName`, `gossip_menu_id`, `minlevel`, `maxlevel`, `exp`, `faction_A`, `faction_H`, `npcflag`, `speed_walk`, `speed_run`, `scale`, `rank`, `mindmg`, `maxdmg`, `dmgschool`, `attackpower`, `dmg_multiplier`, `baseattacktime`, `rangeattacktime`, `unit_class`, `unit_flags`, `dynamicflags`, `family`, `trainer_type`, `trainer_spell`, `trainer_class`, `trainer_race`, `minrangedmg`, `maxrangedmg`, `rangedattackpower`, `type`, `type_flags`, `lootid`, `pickpocketloot`, `skinloot`, `resistance1`, `resistance2`, `resistance3`, `resistance4`, `resistance5`, `resistance6`, `spell1`, `spell2`, `spell3`, `spell4`, `spell5`, `spell6`, `spell7`, `spell8`, `PetSpellDataId`, `VehicleId`, `mingold`, `maxgold`, `AIName`, `MovementType`, `InhabitType`, `Health_mod`, `Mana_mod`, `Armor_mod`, `RacialLeader`, `questItem1`, `questItem2`, `questItem3`, `questItem4`, `questItem5`, `questItem6`, `movementId`, `RegenHealth`, `equipment_id`, `mechanic_immune_mask`, `flags_extra`, `ScriptName`, `WDBVerified`) VALUES
(44547, 0, 0, 0, 0, 0, 33950, 33951, 33952, 33953, 'Bloodfang Scavenger', '', '', 0, 11, 12, 0, 2166, 2166, 0, 1, 1, 1, 0, 17, 22, 0, 46, 1, 2000, 0, 1, 32768, 2048, 0, 0, 0, 0, 0, 11, 17, 0, 7, 0, 44547, 0, 0, 0, 0, 0, 0, 0, 0, 0, 0, 0, 0, 0, 0, 0, 0, 0, 0, 0, 0, 'SmartAI', 0, 3, 1, 1, 1, 0, 0, 0, 0, 0, 0, 0, 0, 1, 44547, 0, 0, '', 1),
(44549, 0, 0, 0, 44547, 0, 33954, 33955, 33956, 33957, 'Bloodfang Scavenger', '', '', 0, 11, 12, 0, 2166, 2166, 0, 1, 1, 1, 0, 17, 22, 0, 46, 1, 2000, 0, 1, 32768, 2048, 0, 0, 0, 0, 0, 11, 17, 0, 7, 0, 44549, 0, 0, 0, 0, 0, 0, 0, 0, 0, 0, 0, 0, 0, 0, 0, 0, 0, 0, 0, 0, 'SmartAI', 0, 3, 1, 1, 1, 0, 0, 0, 0, 0, 0, 0, 0, 1, 44549, 0, 0, '', 1);

-- Bloodfang Scavenger - equip --
INSERT INTO `creature_equip_template` (`entry`, `equipentry1`, `equipentry2`, `equipentry3`) VALUES
(44547, 1906, 0, 0),
(44549, 1906, 0, 0);

-- Bloodfang Scavenger - addon --
INSERT INTO `creature_template_addon` (`entry`, `path_id`, `mount`, `bytes1`, `bytes2`, `emote`, `auras`) VALUES
(44547, 0, 0, 0, 1, 0, ''),
(44549, 0, 0, 0, 1, 0, '');

-- Bloodfang Scavenger - SAI --
INSERT INTO `smart_scripts` (`entryorguid`, `source_type`, `id`, `link`, `event_type`, `event_phase_mask`, `event_chance`, `event_flags`, `event_param1`, `event_param2`, `event_param3`, `event_param4`, `action_type`, `action_param1`, `action_param2`, `action_param3`, `action_param4`, `action_param5`, `action_param6`, `target_type`, `target_param1`, `target_param2`, `target_param3`, `target_x`, `target_y`, `target_z`, `target_o`, `comment`) VALUES
(44547, 0, 0, 0, 25, 0, 100, 0, 0, 0, 0, 0, 22, 1, 0, 0, 0, 0, 0, 0, 0, 0, 0, 0, 0, 0, 0, 'Bloodfang Scavenger - set event phase 1 on reset'),
(44547, 0, 1, 0, 0, 1, 100, 0, 0, 0, 0, 0, 11, 78509, 0, 0, 0, 0, 0, 2, 0, 0, 0, 0, 0, 0, 0, 'Bloodfang Scavenger - cast Torch Toss'),
(44547, 0, 2, 0, 9, 0, 100, 0, 0, 5, 0, 0, 22, 0, 0, 0, 0, 0, 0, 0, 0, 0, 0, 0, 0, 0, 0, 'Bloodfang Scavenger - set event phase 2 when player at the distance of 5 yards'),
(44547, 0, 3, 0, 9, 0, 100, 0, 6, 45, 0, 0, 22, 1, 0, 0, 0, 0, 0, 0, 0, 0, 0, 0, 0, 0, 0, 'Bloodfang Scavenger - set event phase 1 when when player is at the distance greater than 5 yards'),
(44547, 0, 4, 2, 0, 0, 100, 1, 10, 40, 0, 0, 11, 84308, 0, 0, 0, 0, 0, 0, 0, 0, 0, 0, 0, 0, 0, 'Bloodfang Scavenger - cast Furious Howl'),
(44549, 0, 0, 0, 25, 0, 100, 0, 0, 0, 0, 0, 22, 1, 0, 0, 0, 0, 0, 0, 0, 0, 0, 0, 0, 0, 0, 'Bloodfang Scavenger - set event phase 1 on reset'),
(44549, 0, 1, 0, 0, 1, 100, 0, 0, 0, 0, 0, 11, 78509, 0, 0, 0, 0, 0, 2, 0, 0, 0, 0, 0, 0, 0, 'Bloodfang Scavenger - cast Torch Toss'),
(44549, 0, 2, 0, 9, 0, 100, 0, 0, 5, 0, 0, 22, 0, 0, 0, 0, 0, 0, 0, 0, 0, 0, 0, 0, 0, 0, 'Bloodfang Scavenger - set event phase 2 when player at the distance of 5 yards'),
(44549, 0, 3, 0, 9, 0, 100, 0, 6, 45, 0, 0, 22, 1, 0, 0, 0, 0, 0, 0, 0, 0, 0, 0, 0, 0, 0, 'Bloodfang Scavenger - set event phase 1 when when player is at the distance greater than 5 yards'),
(44549, 0, 4, 2, 0, 0, 100, 1, 10, 40, 0, 0, 11, 84308, 0, 0, 0, 0, 0, 0, 0, 0, 0, 0, 0, 0, 0, 'Bloodfang Scavenger - cast Furious Howl');

-- Bloodfang Scavenger - spawns --
INSERT INTO `creature` (`guid`, `id`, `map`, `spawnMask`, `phaseMask`, `modelid`, `equipment_id`, `position_x`, `position_y`, `position_z`, `orientation`, `spawntimesecs`, `spawndist`, `currentwaypoint`, `curhealth`, `curmana`, `DeathState`, `MovementType`, `npcflag`, `unit_flags`, `dynamicflags`) VALUES
(NULL, 44547, 0, 1, 2, 0, 0, 698.089, 1826.72, 0.574392, 2.91123, 300, 0, 0, 0, 0, 0, 0, 0, 0, 0),
(NULL, 44547, 0, 1, 2, 0, 0, 875.134, 1746.31, 14.8397, 4.09654, 300, 0, 0, 0, 0, 0, 0, 0, 0, 0),
(NULL, 44547, 0, 1, 2, 0, 0, 809.623, 1776.82, 16.68, 5.9256, 300, 0, 0, 0, 0, 0, 0, 0, 0, 0),
(NULL, 44547, 0, 1, 2, 0, 0, 862.093, 1720.39, 15.9314, 1.3998, 300, 0, 0, 0, 0, 0, 0, 0, 0, 0),
(NULL, 44547, 0, 1, 2, 0, 0, 872.18, 1981.15, 10.8461, 1.01711, 300, 0, 0, 0, 0, 0, 0, 0, 0, 0),
(NULL, 44547, 0, 1, 2, 0, 0, 878.063, 2007.06, 7.25196, 6.01654, 300, 0, 0, 0, 0, 0, 0, 0, 0, 0),
(NULL, 44547, 0, 1, 2, 0, 0, 962.667, 1829.78, 8.15773, 4.37872, 300, 0, 0, 0, 0, 0, 0, 0, 0, 0),
(NULL, 44547, 0, 1, 2, 0, 0, 861.452, 1987.77, 10.8709, 0.515138, 300, 0, 0, 0, 0, 0, 0, 0, 0, 0),
(NULL, 44547, 0, 1, 2, 0, 0, 759.865, 1985.05, 10.5831, 4.43981, 300, 0, 0, 0, 0, 0, 0, 0, 0, 0),
(NULL, 44547, 0, 1, 2, 0, 0, 847.436, 1868.37, 1.52875, 0.62144, 300, 0, 0, 0, 0, 0, 0, 0, 0, 0),
(NULL, 44547, 0, 1, 2, 0, 0, 801.771, 1852.61, 1.10388, 0.640685, 300, 0, 0, 0, 0, 0, 0, 0, 0, 0),
(NULL, 44547, 0, 1, 2, 0, 0, 909.885, 1812.9, 8.59407, 5.1786, 300, 0, 0, 0, 0, 0, 0, 0, 0, 0),
(NULL, 44547, 0, 1, 2, 0, 0, 947.425, 1871.53, 4.57619, 4.30105, 300, 0, 0, 0, 0, 0, 0, 0, 0, 0),
(NULL, 44547, 0, 1, 2, 0, 0, 864.983, 1981.71, 11.2695, 0.777511, 300, 0, 0, 0, 0, 0, 0, 0, 0, 0),
(NULL, 44547, 0, 1, 2, 0, 0, 973.229, 1797.14, 11.1265, 3.1078, 300, 0, 0, 0, 0, 0, 0, 0, 0, 0),
(NULL, 44547, 0, 1, 2, 0, 0, 819.208, 1812.82, 8.72529, 4.38811, 300, 0, 0, 0, 0, 0, 0, 0, 0, 0),
(NULL, 44547, 0, 1, 2, 0, 0, 938.287, 1842.13, 6.20004, 2.70153, 300, 0, 0, 0, 0, 0, 0, 0, 0, 0),
(NULL, 44547, 0, 1, 2, 0, 0, 895.009, 1763.24, 15.3342, 1.06465, 300, 0, 0, 0, 0, 0, 0, 0, 0, 0),
(NULL, 44547, 0, 1, 2, 0, 0, 941.278, 1798.74, 12.7515, 1.49334, 300, 0, 0, 0, 0, 0, 0, 0, 0, 0),
(NULL, 44547, 0, 1, 2, 0, 0, 914.071, 1767.11, 15.2804, 4.57204, 300, 0, 0, 0, 0, 0, 0, 0, 0, 0),
(NULL, 44549, 0, 1, 2, 0, 0, 835.817, 1762.97, 16.7143, 4.01527, 300, 0, 0, 0, 0, 0, 0, 0, 0, 0),
(NULL, 44549, 0, 1, 2, 0, 0, 906.431, 1855.18, 5.44395, 1.17046, 300, 0, 0, 0, 0, 0, 0, 0, 0, 0),
(NULL, 44549, 0, 1, 2, 0, 0, 882.025, 1809.57, 9.21917, 1.97117, 300, 0, 0, 0, 0, 0, 0, 0, 0, 0),
(NULL, 44549, 0, 1, 2, 0, 0, 756.61, 2007.8, 7.30289, 0.212022, 300, 0, 0, 0, 0, 0, 0, 0, 0, 0),
(NULL, 44549, 0, 1, 2, 0, 0, 783.002, 1792.77, 11.8854, 2.90882, 300, 0, 0, 0, 0, 0, 0, 0, 0, 0),
(NULL, 44549, 0, 1, 2, 0, 0, 760.139, 1828.14, 2.06934, 0.367083, 300, 0, 0, 0, 0, 0, 0, 0, 0, 0),
(NULL, 44549, 0, 1, 2, 0, 0, 872.315, 1781.31, 12.7461, 4.88873, 300, 0, 0, 0, 0, 0, 0, 0, 0, 0),
(NULL, 44549, 0, 1, 2, 0, 0, 917.224, 1901.38, 1.42812, 0.950696, 300, 0, 0, 0, 0, 0, 0, 0, 0, 0),
(NULL, 44549, 0, 1, 2, 0, 0, 880.974, 1886.59, 1.76461, 2.58513, 300, 0, 0, 0, 0, 0, 0, 0, 0, 0),
(NULL, 44549, 0, 1, 2, 0, 0, 760.308, 1994.72, 7.30289, 1.05206, 300, 0, 0, 0, 0, 0, 0, 0, 0, 0),
(NULL, 44549, 0, 1, 2, 0, 0, 767.786, 1986.35, 10.69, 3.73713, 300, 0, 0, 0, 0, 0, 0, 0, 0, 0),
(NULL, 44549, 0, 1, 2, 0, 0, 787.62, 1821.47, 6.69014, 2.08563, 300, 0, 0, 0, 0, 0, 0, 0, 0, 0),
(NULL, 44549, 0, 1, 2, 0, 0, 873.128, 1996.89, 7.25196, 0.200185, 300, 0, 0, 0, 0, 0, 0, 0, 0, 0),
(NULL, 44549, 0, 1, 2, 0, 0, 827.282, 1743.52, 19.183, 1.47527, 300, 0, 0, 0, 0, 0, 0, 0, 0, 0),
(NULL, 44549, 0, 1, 2, 0, 0, 873.681, 1834.81, 6.67091, 0.331613, 300, 0, 0, 0, 0, 0, 0, 0, 0, 0),
(NULL, 44549, 0, 1, 2, 0, 0, 770.759, 1980.44, 11.4855, 3.17452, 300, 0, 0, 0, 0, 0, 0, 0, 0, 0);


-- -- -- -- -- -- -- -- 
-- Hillsbrad  Worgen --
-- -- -- -- -- -- -- -- 

-- Hillsbrad Worgen - new template --
INSERT INTO `creature_template` (`entry`, `difficulty_entry_1`, `difficulty_entry_2`, `difficulty_entry_3`, `KillCredit1`, `KillCredit2`, `modelid1`, `modelid2`, `modelid3`, `modelid4`, `name`, `subname`, `IconName`, `gossip_menu_id`, `minlevel`, `maxlevel`, `exp`, `faction_A`, `faction_H`, `npcflag`, `speed_walk`, `speed_run`, `scale`, `rank`, `mindmg`, `maxdmg`, `dmgschool`, `attackpower`, `dmg_multiplier`, `baseattacktime`, `rangeattacktime`, `unit_class`, `unit_flags`, `dynamicflags`, `family`, `trainer_type`, `trainer_spell`, `trainer_class`, `trainer_race`, `minrangedmg`, `maxrangedmg`, `rangedattackpower`, `type`, `type_flags`, `lootid`, `pickpocketloot`, `skinloot`, `resistance1`, `resistance2`, `resistance3`, `resistance4`, `resistance5`, `resistance6`, `spell1`, `spell2`, `spell3`, `spell4`, `spell5`, `spell6`, `spell7`, `spell8`, `PetSpellDataId`, `VehicleId`, `mingold`, `maxgold`, `AIName`, `MovementType`, `InhabitType`, `Health_mod`, `Mana_mod`, `Armor_mod`, `RacialLeader`, `questItem1`, `questItem2`, `questItem3`, `questItem4`, `questItem5`, `questItem6`, `movementId`, `RegenHealth`, `equipment_id`, `mechanic_immune_mask`, `flags_extra`, `ScriptName`, `WDBVerified`) VALUES
(45254, 0, 0, 0, 0, 0, 34344, 34345, 34346, 34347, 'Hillsbrad Worgen', '', '', 0, 12, 13, 0, 2166, 2166, 0, 1, 1, 1, 0, 18, 24, 0, 48, 1, 2000, 0, 1, 32768, 2048, 0, 0, 0, 0, 0, 12, 18, 1, 7, 0, 45254, 0, 0, 0, 0, 0, 0, 0, 0, 0, 0, 0, 0, 0, 0, 0, 0, 0, 0, 0, 0, 'SmartAI', 0, 3, 1, 1, 1, 0, 0, 0, 0, 0, 0, 0, 0, 1, 45254, 0, 0, '', 1),
(45255, 0, 0, 0, 45254, 0, 34348, 34349, 34350, 34351, 'Hillsbrad Worgen', '', '', 0, 12, 13, 0, 2166, 2166, 0, 1, 1, 1, 0, 18, 24, 0, 48, 1, 2000, 0, 1, 32768, 2048, 0, 0, 0, 0, 0, 12, 18, 1, 7, 0, 45255, 0, 0, 0, 0, 0, 0, 0, 0, 0, 0, 0, 0, 0, 0, 0, 0, 0, 0, 0, 0, 'SmartAI', 0, 3, 1, 1, 1, 0, 0, 0, 0, 0, 0, 0, 0, 1, 45255, 0, 0, '', 1),
(46063, 0, 0, 0, 0, 0, 34344, 34345, 34346, 34347, 'Hillsbrad Worgen', '', '', 0, 1, 1, 0, 35, 35, 0, 1, 1.14286, 1, 0, 2, 2, 0, 24, 1, 0, 0, 1, 0, 0, 0, 0, 0, 0, 0, 1, 1, 0, 7, 0, 0, 0, 0, 0, 0, 0, 0, 0, 0, 0, 0, 0, 0, 0, 0, 0, 0, 0, 0, 0, 0, 'SmartAI', 0, 3, 1, 1, 1, 0, 0, 0, 0, 0, 0, 0, 0, 1, 0, 0, 0, '', 1),
(46064, 0, 0, 0, 0, 0, 34348, 34349, 34350, 34351, 'Hillsbrad Worgen', '', '', 0, 1, 1, 0, 35, 35, 0, 1, 1.14286, 1, 0, 2, 2, 0, 24, 1, 0, 0, 1, 0, 0, 0, 0, 0, 0, 0, 1, 1, 0, 7, 0, 0, 0, 0, 0, 0, 0, 0, 0, 0, 0, 0, 0, 0, 0, 0, 0, 0, 0, 0, 0, 0, 'SmartAI', 0, 3, 1, 1, 1, 0, 0, 0, 0, 0, 0, 0, 0, 1, 0, 0, 0, '', 1);

-- Hillsbrad Worgen - equip --
INSERT INTO `creature_equip_template` (`entry`, `equipentry1`, `equipentry2`, `equipentry3`) VALUES 
(4525400, 3367, 0, 0),
(4525401, 13609, 0, 0),
(4525402, 13610, 0, 0),
(4525403, 25587, 13604, 0),
(4525404, 1906, 0, 0),
(4525405, 2703, 0, 0),
(4525500, 3346, 0, 0),
(4525501, 13609, 0, 0),
(4525502, 13610, 0, 0),
(4525503, 25587, 13604, 0),
(4525504, 1906, 0, 0),
(4525505, 3351, 2197, 0);

-- Hillsbrad Worgen - addon --
INSERT INTO `creature_template_addon` (`entry`, `path_id`, `mount`, `bytes1`, `bytes2`, `emote`, `auras`) VALUES
(45255, 0, 0, 0, 1, 0, ''),
(45254, 0, 0, 0, 1, 0, ''),
(46064, 0, 0, 0, 1, 0, ''),
(46063, 0, 0, 0, 1, 0, '');

-- Hillsbrad Worgen - SAI --
INSERT INTO `smart_scripts` (`entryorguid`,`source_type`,`id`,`link`,`event_type`,`event_phase_mask`,`event_chance`,`event_flags`,`event_param1`,`event_param2`,`event_param3`,`event_param4`,`action_type`,`action_param1`,`action_param2`,`action_param3`,`action_param4`,`action_param5`,`action_param6`,`target_type`,`target_param1`,`target_param2`,`target_param3`,`target_x`,`target_y`,`target_z`,`target_o`,`comment`) VALUES 
(46064, 0, 0, 0, 2, 0, 100, 1, 10, 40, 0, 0, 11, 32714, 0, 0, 0, 0, 0, 1, 0, 0, 0, 0, 0, 0, 0, "Hillsbrad Worgen - cast Enrage"), 
(46063, 0, 0, 0, 2, 0, 100, 1, 10, 40, 0, 0, 11, 32714, 0, 0, 0, 0, 0, 1, 0, 0, 0, 0, 0, 0, 0, "Hillsbrad Worgen - cast Enrage"),
(45254, 0, 0, 0, 25, 0, 100, 1, 0, 0, 0, 0, 87, 4525400, 4525401, 4525402, 4525403, 4525404, 4525405, 1, 0, 0, 0, 0, 0, 0, 0, 'Hillsbrad Worgen - random equip on spawn'),
(45254, 0, 1, 0, 2, 0, 100, 1, 10, 40, 0, 0, 11, 32714, 0, 0, 0, 0, 0, 1, 0, 0, 0, 0, 0, 0, 0, "Hillsbrad Worgen - cast Enrage"), 
(4525400, 9, 0, 0, 0, 0, 100, 0, 0, 0, 0, 0, 71, 4525400, 0, 0, 0, 0, 0, 1, 0, 0, 0, 0, 0, 0, 0, 'Hillsbrad Worgen - random equip 1'),
(4525401, 9, 0, 0, 0, 0, 100, 0, 0, 0, 0, 0, 71, 4525401, 0, 0, 0, 0, 0, 1, 0, 0, 0, 0, 0, 0, 0, 'Hillsbrad Worgen - random equip 2'),
(4525402, 9, 0, 0, 0, 0, 100, 0, 0, 0, 0, 0, 71, 4525402, 0, 0, 0, 0, 0, 1, 0, 0, 0, 0, 0, 0, 0, 'Hillsbrad Worgen - random equip 3'),
(4525403, 9, 0, 0, 0, 0, 100, 0, 0, 0, 0, 0, 71, 4525403, 0, 0, 0, 0, 0, 1, 0, 0, 0, 0, 0, 0, 0, 'Hillsbrad Worgen - random equip 4'),
(4525404, 9, 0, 0, 0, 0, 100, 0, 0, 0, 0, 0, 71, 4525404, 0, 0, 0, 0, 0, 1, 0, 0, 0, 0, 0, 0, 0, 'Hillsbrad Worgen - random equip 5'),
(4525405, 9, 0, 0, 0, 0, 100, 0, 0, 0, 0, 0, 71, 4525405, 0, 0, 0, 0, 0, 1, 0, 0, 0, 0, 0, 0, 0, 'Hillsbrad Worgen - random equip 6'),
(45255, 0, 0, 0, 25, 0, 100, 1, 0, 0, 0, 0, 87, 4525500, 4525501, 4525502, 4525503, 4525504, 4525505, 1, 0, 0, 0, 0, 0, 0, 0, 'Hillsbrad Worgen - random equip on spawn'),
(45255, 0, 1, 0, 2, 0, 100, 1, 10, 40, 0, 0, 11, 32714, 0, 0, 0, 0, 0, 1, 0, 0, 0, 0, 0, 0, 0, "Hillsbrad Worgen - cast Enrage"), 
(4525500, 9, 0, 0, 0, 0, 100, 0, 0, 0, 0, 0, 71, 4525500, 0, 0, 0, 0, 0, 1, 0, 0, 0, 0, 0, 0, 0, 'Hillsbrad Worgen - random equip 1'),
(4525501, 9, 0, 0, 0, 0, 100, 0, 0, 0, 0, 0, 71, 4525501, 0, 0, 0, 0, 0, 1, 0, 0, 0, 0, 0, 0, 0, 'Hillsbrad Worgen - random equip 2'),
(4525502, 9, 0, 0, 0, 0, 100, 0, 0, 0, 0, 0, 71, 4525502, 0, 0, 0, 0, 0, 1, 0, 0, 0, 0, 0, 0, 0, 'Hillsbrad Worgen - random equip 3'),
(4525503, 9, 0, 0, 0, 0, 100, 0, 0, 0, 0, 0, 71, 4525503, 0, 0, 0, 0, 0, 1, 0, 0, 0, 0, 0, 0, 0, 'Hillsbrad Worgen - random equip 4'),
(4525504, 9, 0, 0, 0, 0, 100, 0, 0, 0, 0, 0, 71, 4525504, 0, 0, 0, 0, 0, 1, 0, 0, 0, 0, 0, 0, 0, 'Hillsbrad Worgen - random equip 5'),
(4525505, 9, 0, 0, 0, 0, 100, 0, 0, 0, 0, 0, 71, 4525505, 0, 0, 0, 0, 0, 1, 0, 0, 0, 0, 0, 0, 0, 'Hillsbrad Worgen - random equip 6');

-- Hillsbrad Worgen - loot --
INSERT INTO `creature_loot_template` (`entry`, `item`, `ChanceOrQuestChance`, `lootmode`, `groupid`, `mincountOrRef`, `maxcount`) VALUES
(45254, 858, 2.9, 1, 0, 1, 1),
(45254, 1179, 4.2, 1, 0, 1, 1),
(45254, 1495, 0.2, 1, 0, 1, 1),
(45254, 1497, 0.7, 1, 0, 1, 1),
(45254, 1498, 0.5, 1, 0, 1, 1),
(45254, 1499, 0.4, 1, 0, 1, 1),
(45254, 1501, 0.3, 1, 0, 1, 1),
(45254, 1502, 0.5, 1, 0, 1, 1),
(45254, 1503, 0.3, 1, 0, 1, 1),
(45254, 1504, 0.4, 1, 0, 1, 1),
(45254, 1506, 0.7, 1, 0, 1, 1),
(45254, 1507, 0.5, 1, 0, 1, 1),
(45254, 1509, 0.4, 1, 0, 1, 1),
(45254, 1510, 0.3, 1, 0, 1, 1),
(45254, 1511, 0.4, 1, 0, 1, 1),
(45254, 1512, 0.3, 1, 0, 1, 1),
(45254, 1513, 0.4, 1, 0, 1, 1),
(45254, 1514, 0.4, 1, 0, 1, 1),
(45254, 1515, 0.4, 1, 0, 1, 1),
(45254, 1516, 0.9, 1, 0, 1, 1),
(45254, 1730, 0.4, 1, 0, 1, 1),
(45254, 1731, 0.4, 1, 0, 1, 1),
(45254, 1732, 0.3, 1, 0, 1, 1),
(45254, 1734, 0.3, 1, 0, 1, 1),
(45254, 1735, 0.3, 1, 0, 1, 1),
(45254, 1737, 0.1, 1, 0, 1, 1),
(45254, 2073, 0.05, 1, 0, 1, 1),
(45254, 2075, 0.5, 1, 0, 1, 1),
(45254, 2140, 0.1, 1, 0, 1, 1),
(45254, 2214, 0.4, 1, 0, 1, 1),
(45254, 2215, 0.3, 1, 0, 1, 1),
(45254, 2287, 10.4, 1, 0, 1, 1),
(45254, 2407, 0.05, 1, 0, 1, 1),
(45254, 2455, 1.2, 1, 0, 1, 1),
(45254, 2589, 76.2, 1, 0, 1, 3),
(45254, 2598, 0.05, 1, 0, 1, 1),
(45254, 2632, 0.1, 1, 0, 1, 1),
(45254, 2657, 0.05, 1, 0, 1, 1),
(45254, 2777, 0.6, 1, 0, 1, 1),
(45254, 2778, 0.4, 1, 0, 1, 1),
(45254, 2881, 0.05, 1, 0, 1, 1),
(45254, 2957, 0.05, 1, 0, 1, 1),
(45254, 2961, 0.1, 1, 0, 1, 1),
(45254, 2965, 0.05, 1, 0, 1, 1),
(45254, 2972, 0.1, 1, 0, 1, 1),
(45254, 2975, 0.1, 1, 0, 1, 1),
(45254, 2978, 0.05, 1, 0, 1, 1),
(45254, 2979, 0.05, 1, 0, 1, 1),
(45254, 2980, 0.1, 1, 0, 1, 1),
(45254, 3036, 0.1, 1, 0, 1, 1),
(45254, 3192, 0.2, 1, 0, 1, 1),
(45254, 3207, 0.05, 1, 0, 1, 1),
(45254, 3213, 0.1, 1, 0, 1, 1),
(45254, 3374, 0.3, 1, 0, 1, 1),
(45254, 3375, 0.6, 1, 0, 1, 1),
(45254, 3610, 0.05, 1, 0, 1, 1),
(45254, 3643, 0.1, 1, 0, 1, 1),
(45254, 3651, 0.05, 1, 0, 1, 1),
(45254, 3652, 0.1, 1, 0, 1, 1),
(45254, 4293, 0.05, 1, 0, 1, 1),
(45254, 4408, 0.05, 1, 0, 1, 1),
(45254, 4409, 0.05, 1, 0, 1, 1),
(45254, 4561, 0.1, 1, 0, 1, 1),
(45254, 4564, 0.3, 1, 0, 1, 1),
(45254, 4566, 0.3, 1, 0, 1, 1),
(45254, 4569, 0.1, 1, 0, 1, 1),
(45254, 4570, 0.05, 1, 0, 1, 1),
(45254, 4577, 0.3, 1, 0, 1, 1),
(45254, 4677, 0.2, 1, 0, 1, 1),
(45254, 4678, 0.05, 1, 0, 1, 1),
(45254, 4683, 0.2, 1, 0, 1, 1),
(45254, 4684, 0.1, 1, 0, 1, 1),
(45254, 4689, 0.1, 1, 0, 1, 1),
(45254, 4690, 0.2, 1, 0, 1, 1),
(45254, 5069, 0.2, 1, 0, 1, 1),
(45254, 5071, 0.1, 1, 0, 1, 1),
(45254, 5573, 0.05, 1, 0, 1, 1),
(45254, 5574, 0.05, 1, 0, 1, 1),
(45254, 6266, 0.1, 1, 0, 1, 1),
(45254, 6267, 0.3, 1, 0, 1, 1),
(45254, 6268, 0.1, 1, 0, 1, 1),
(45254, 6269, 0.2, 1, 0, 1, 1),
(45254, 6336, 0.1, 1, 0, 1, 1),
(45254, 6337, 0.1, 1, 0, 1, 1),
(45254, 6510, 0.2, 1, 0, 1, 1),
(45254, 6511, 0.1, 1, 0, 1, 1),
(45254, 6512, 0.05, 1, 0, 1, 1),
(45254, 6515, 0.05, 1, 0, 1, 1),
(45254, 6518, 0.1, 1, 0, 1, 1),
(45254, 6521, 0.1, 1, 0, 1, 1),
(45254, 6537, 0.1, 1, 0, 1, 1),
(45254, 6539, 0.05, 1, 0, 1, 1),
(45254, 6542, 0.1, 1, 0, 1, 1),
(45254, 6543, 0.1, 1, 0, 1, 1),
(45254, 6549, 0.05, 1, 0, 1, 1),
(45254, 6555, 0.1, 1, 0, 1, 1),
(45254, 6556, 0.05, 1, 0, 1, 1),
(45254, 6557, 0.4, 1, 0, 1, 1),
(45254, 6558, 0.1, 1, 0, 1, 1),
(45254, 6560, 0.05, 1, 0, 1, 1),
(45254, 6716, 0.05, 1, 0, 1, 1),
(45254, 7108, 0.1, 1, 0, 1, 1),
(45254, 7351, 0.2, 1, 0, 1, 1),
(45254, 8180, 0.1, 1, 0, 1, 1),
(45254, 9742, 0.2, 1, 0, 1, 1),
(45254, 9743, 0.2, 1, 0, 1, 1),
(45254, 9744, 0.3, 1, 0, 1, 1),
(45254, 9745, 0.1, 1, 0, 1, 1),
(45254, 9746, 0.2, 1, 0, 1, 1),
(45254, 9747, 0.05, 1, 0, 1, 1),
(45254, 9748, 0.05, 1, 0, 1, 1),
(45254, 9749, 0.1, 1, 0, 1, 1),
(45254, 9750, 0.2, 1, 0, 1, 1),
(45254, 9751, 0.1, 1, 0, 1, 1),
(45254, 9752, 0.2, 1, 0, 1, 1),
(45254, 9753, 0.05, 1, 0, 1, 1),
(45254, 9755, 0.1, 1, 0, 1, 1),
(45254, 9756, 0.1, 1, 0, 1, 1),
(45254, 9757, 0.05, 1, 0, 1, 1),
(45254, 9758, 0.1, 1, 0, 1, 1),
(45254, 9759, 0.1, 1, 0, 1, 1),
(45254, 9760, 0.2, 1, 0, 1, 1),
(45254, 9761, 0.05, 1, 0, 1, 1),
(45254, 9762, 0.1, 1, 0, 1, 1),
(45254, 9763, 0.1, 1, 0, 1, 1),
(45254, 9764, 0.1, 1, 0, 1, 1),
(45254, 9765, 0.05, 1, 0, 1, 1),
(45254, 9786, 0.1, 1, 0, 1, 1),
(45254, 15268, 0.05, 1, 0, 1, 1),
(45254, 15925, 0.1, 1, 0, 1, 1),
(45254, 15932, 0.05, 1, 0, 1, 1),
(45254, 15933, 0.1, 1, 0, 1, 1);

-- Hillsbrad Worgen - spawns --
INSERT INTO `creature` (`guid`, `id`, `map`, `spawnMask`, `phaseMask`, `modelid`, `equipment_id`, `position_x`, `position_y`, `position_z`, `orientation`, `spawntimesecs`, `spawndist`, `currentwaypoint`, `curhealth`, `curmana`, `DeathState`, `MovementType`, `npcflag`, `unit_flags`, `dynamicflags`) VALUES
(NULL, 45254, 0, 1, 1, 0, 0, 726.892, 1040.28, 46.8364, 6.2473, 300, 0, 0, 0, 0, 0, 0, 0, 0, 0),
(NULL, 45254, 0, 1, 1, 0, 0, 670.565, 1054.49, 53.3613, 1.45632, 300, 0, 0, 0, 0, 0, 0, 0, 0, 0),
(NULL, 45254, 0, 1, 1, 0, 0, 626.682, 1105.75, 64.8447, 4.02608, 300, 0, 0, 0, 0, 0, 0, 0, 0, 0),
(NULL, 45254, 0, 1, 1, 0, 0, 705.903, 1160.17, 56.7035, 0.610865, 300, 0, 0, 0, 0, 0, 0, 0, 0, 0),
(NULL, 45254, 0, 1, 1, 0, 0, 655.207, 1223.59, 77.0454, 4.44139, 300, 0, 0, 0, 0, 0, 0, 0, 0, 0),
(NULL, 45254, 0, 1, 1, 0, 0, 746.579, 1147.89, 49.6336, 0.372711, 300, 0, 0, 0, 0, 0, 0, 0, 0, 0),
(NULL, 45254, 0, 1, 1, 0, 0, 644.156, 1173.8, 71.589, 5.44114, 300, 0, 0, 0, 0, 0, 0, 0, 0, 0),
(NULL, 45254, 0, 1, 1, 0, 0, 609.119, 1190.23, 82.3154, 0.621665, 300, 0, 0, 0, 0, 0, 0, 0, 0, 0),
(NULL, 45254, 0, 1, 1, 0, 0, 670.423, 1194.87, 68.2881, 3.09825, 300, 0, 0, 0, 0, 0, 0, 0, 0, 0),
(NULL, 45254, 0, 1, 1, 0, 0, 626.124, 1210.84, 82.6799, 1.2732, 300, 0, 0, 0, 0, 0, 0, 0, 0, 0),
(NULL, 45254, 0, 1, 1, 0, 0, 729.073, 1214.46, 63.1194, 5.72635, 300, 0, 0, 0, 0, 0, 0, 0, 0, 0),
(NULL, 45254, 0, 1, 1, 0, 0, 703.737, 1195.75, 63.1855, 5.61232, 300, 0, 0, 0, 0, 0, 0, 0, 0, 0),
(NULL, 45254, 0, 1, 1, 0, 0, 755.913, 1243.4, 58.1541, 4.75342, 300, 0, 0, 0, 0, 0, 0, 0, 0, 0),
(NULL, 45254, 0, 1, 1, 0, 0, 704.635, 1167.77, 58.0746, 5.8294, 300, 0, 0, 0, 0, 0, 0, 0, 0, 0),
(NULL, 45254, 0, 1, 1, 0, 0, 611.285, 1151.09, 78.1445, 0.331327, 300, 0, 0, 0, 0, 0, 0, 0, 0, 0),
(NULL, 45254, 0, 1, 1, 0, 0, 709.314, 1070.64, 48.9444, 5.80211, 300, 0, 0, 0, 0, 0, 0, 0, 0, 0),
(NULL, 45255, 0, 1, 1, 0, 0, 755.838, 1109.81, 50.2391, 3.08463, 300, 0, 0, 0, 0, 0, 0, 0, 0, 0),
(NULL, 45255, 0, 1, 1, 0, 0, 768.843, 1087.16, 46.5849, 0.876122, 300, 0, 0, 0, 0, 0, 0, 0, 0, 0),
(NULL, 45255, 0, 1, 1, 0, 0, 586.154, 1211.08, 85.5538, 4.05259, 300, 0, 0, 0, 0, 0, 0, 0, 0, 0),
(NULL, 45255, 0, 1, 1, 0, 0, 793.302, 1242.41, 54.3784, 4.00027, 300, 0, 0, 0, 0, 0, 0, 0, 0, 0),
(NULL, 45255, 0, 1, 1, 0, 0, 662.904, 1135.33, 58.1802, 0.570951, 300, 0, 0, 0, 0, 0, 0, 0, 0, 0),
(NULL, 45255, 0, 1, 1, 0, 0, 682.79, 1018.5, 41.7822, 1.47686, 300, 0, 0, 0, 0, 0, 0, 0, 0, 0),
(NULL, 45255, 0, 1, 1, 0, 0, 722.85, 1093.86, 48.8194, 1.25484, 300, 0, 0, 0, 0, 0, 0, 0, 0, 0),
(NULL, 45255, 0, 1, 1, 0, 0, 780.342, 1162.76, 50.1609, 4.27257, 300, 0, 0, 0, 0, 0, 0, 0, 0, 0),
(NULL, 45255, 0, 1, 1, 0, 0, 723.045, 1172.78, 56.3105, 3.51952, 300, 0, 0, 0, 0, 0, 0, 0, 0, 0),
(NULL, 45255, 0, 1, 1, 0, 0, 621.484, 1237.86, 84.4206, 4.73912, 300, 0, 0, 0, 0, 0, 0, 0, 0, 0),
(NULL, 45255, 0, 1, 1, 0, 0, 761.11, 1193.3, 56.0427, 2.36057, 300, 0, 0, 0, 0, 0, 0, 0, 0, 0),
(NULL, 45255, 0, 1, 1, 0, 0, 644.425, 994.215, 44.6787, 4.02433, 300, 0, 0, 0, 0, 0, 0, 0, 0, 0),
(NULL, 45255, 0, 1, 1, 0, 0, 758.079, 1050.4, 46.3464, 4.63557, 300, 0, 0, 0, 0, 0, 0, 0, 0, 0);


-- -- -- -- -- -- -- -- -- -- -- --
-- Bloodfang Stalker (ID: 45195) --
-- -- -- -- -- -- -- -- -- -- -- --

-- Bloodfang Stalker - new template --
UPDATE `creature_template` SET `AIName` = 'SmartAI' WHERE `entry` = 45195;

-- Bloodfang Stalker - addon --
INSERT INTO `creature_template_addon` (`entry`, `path_id`, `mount`, `bytes1`, `bytes2`, `emote`, `auras`) VALUES
(45195, 0, 0, 0, 0, 0, '');

-- Bloodfang Stalker - equip --
INSERT INTO `creature_equip_template` (`entry`, `equipentry1`, `equipentry2`, `equipentry3`) VALUES
(45195, 32562, 30576, 0);

-- Bloodfang Stalker - SAI --
INSERT INTO `smart_scripts` (`entryorguid`,`source_type`,`id`,`link`,`event_type`,`event_phase_mask`,`event_chance`,`event_flags`,`event_param1`,`event_param2`,`event_param3`,`event_param4`,`action_type`,`action_param1`,`action_param2`,`action_param3`,`action_param4`,`action_param5`,`action_param6`,`target_type`,`target_param1`,`target_param2`,`target_param3`,`target_x`,`target_y`,`target_z`,`target_o`,`comment`) VALUES 
(45195, 0, 0, 0, 0, 0, 100, 0, 1000, 2000, 4000, 5000, 11, 60195, 0, 0, 0, 0, 0, 2, 0, 0, 0, 0, 0, 0, 0, "Bloodfang Stalker - cast Sinister Strike"), 
(45195, 0, 1, 0, 0, 0, 100, 0, 50, 50, 35000, 35000, 11, 79864, 0, 0, 0, 0, 0, 1, 0, 0, 0, 0, 0, 0, 0, "Bloodfang Stalker - cast Shadowstep"), 
(45195, 0, 2, 0, 25, 0, 100, 0, 0, 0, 0, 0, 11, 86237, 0, 0, 0, 0, 0, 1, 0, 0, 0, 0, 0, 0, 0, "Bloodfang Stalker - aura Kill me!"), 
(45195, 0, 3, 0, 25, 0, 100, 0, 0, 0, 0, 0, 11, 86559, 0, 0, 0, 0, 0, 1, 0, 0, 0, 0, 0, 0, 0, "Bloodfang Stalker - aura Stalking");

-- Bloodfang Stalker - loot --
INSERT INTO `creature_loot_template` (`entry`, `item`, `ChanceOrQuestChance`, `lootmode`, `groupid`, `mincountOrRef`, `maxcount`) VALUES
(45195, 818, 0.7, 1, 0, 1, 1),
(45195, 856, 0.1, 1, 0, 1, 1),
(45195, 858, 2.5, 1, 0, 1, 1),
(45195, 1179, 4.4, 1, 0, 1, 1),
(45195, 1495, 0.4, 1, 0, 1, 1),
(45195, 1497, 0.3, 1, 0, 1, 1),
(45195, 1498, 0.3, 1, 0, 1, 1),
(45195, 1499, 0.4, 1, 0, 1, 1),
(45195, 1501, 0.4, 1, 0, 1, 1),
(45195, 1502, 0.4, 1, 0, 1, 1),
(45195, 1503, 0.3, 1, 0, 1, 1),
(45195, 1504, 0.3, 1, 0, 1, 1),
(45195, 1506, 0.6, 1, 0, 1, 1),
(45195, 1507, 0.5, 1, 0, 1, 1),
(45195, 1509, 0.4, 1, 0, 1, 1),
(45195, 1510, 0.4, 1, 0, 1, 1),
(45195, 1511, 0.6, 1, 0, 1, 1),
(45195, 1512, 0.6, 1, 0, 1, 1),
(45195, 1513, 0.4, 1, 0, 1, 1),
(45195, 1514, 0.7, 1, 0, 1, 1),
(45195, 1515, 0.5, 1, 0, 1, 1),
(45195, 1516, 0.6, 1, 0, 1, 1),
(45195, 1730, 0.3, 1, 0, 1, 1),
(45195, 1731, 0.3, 1, 0, 1, 1),
(45195, 1732, 0.7, 1, 0, 1, 1),
(45195, 1734, 0.4, 1, 0, 1, 1),
(45195, 1735, 0.3, 1, 0, 1, 1),
(45195, 1737, 0.3, 1, 0, 1, 1),
(45195, 2073, 0.1, 1, 0, 1, 1),
(45195, 2075, 0.2, 1, 0, 1, 1),
(45195, 2140, 0.1, 1, 0, 1, 1),
(45195, 2214, 0.3, 1, 0, 1, 1),
(45195, 2215, 0.3, 1, 0, 1, 1),
(45195, 2287, 10.2, 1, 0, 1, 1),
(45195, 2407, 0.05, 1, 0, 1, 1),
(45195, 2408, 0.05, 1, 0, 1, 1),
(45195, 2455, 1.4, 1, 0, 1, 1),
(45195, 2553, 0.05, 1, 0, 1, 1),
(45195, 2555, 0.05, 1, 0, 1, 1),
(45195, 2589, 75.9, 1, 0, 1, 3),
(45195, 2598, 0.05, 1, 0, 1, 1),
(45195, 2632, 0.1, 1, 0, 1, 1),
(45195, 2657, 0.05, 1, 0, 1, 1),
(45195, 2763, 0.6, 1, 0, 1, 1),
(45195, 2777, 0.5, 1, 0, 1, 1),
(45195, 2778, 0.3, 1, 0, 1, 1),
(45195, 2957, 0.05, 1, 0, 1, 1),
(45195, 2961, 0.05, 1, 0, 1, 1),
(45195, 2965, 0.1, 1, 0, 1, 1),
(45195, 2970, 0.05, 1, 0, 1, 1),
(45195, 2972, 0.1, 1, 0, 1, 1),
(45195, 2974, 0.1, 1, 0, 1, 1),
(45195, 2975, 0.1, 1, 0, 1, 1),
(45195, 2977, 0.05, 1, 0, 1, 1),
(45195, 2978, 0.05, 1, 0, 1, 1),
(45195, 2979, 0.1, 1, 0, 1, 1),
(45195, 2980, 0.05, 1, 0, 1, 1),
(45195, 3036, 0.1, 1, 0, 1, 1),
(45195, 3192, 0.3, 1, 0, 1, 1),
(45195, 3207, 0.1, 1, 0, 1, 1),
(45195, 3213, 0.1, 1, 0, 1, 1),
(45195, 3374, 0.4, 1, 0, 1, 1),
(45195, 3375, 0.3, 1, 0, 1, 1),
(45195, 3609, 0.05, 1, 0, 1, 1),
(45195, 3610, 0.05, 1, 0, 1, 1),
(45195, 3643, 0.1, 1, 0, 1, 1),
(45195, 3651, 0.05, 1, 0, 1, 1),
(45195, 3652, 0.1, 1, 0, 1, 1),
(45195, 4292, 0.05, 1, 0, 1, 1),
(45195, 4408, 0.05, 1, 0, 1, 1),
(45195, 4561, 0.1, 1, 0, 1, 1),
(45195, 4564, 0.2, 1, 0, 1, 1),
(45195, 4566, 0.2, 1, 0, 1, 1),
(45195, 4567, 0.05, 1, 0, 1, 1),
(45195, 4569, 0.2, 1, 0, 1, 1),
(45195, 4570, 0.1, 1, 0, 1, 1),
(45195, 4577, 0.2, 1, 0, 1, 1),
(45195, 4677, 0.1, 1, 0, 1, 1),
(45195, 4678, 0.05, 1, 0, 1, 1),
(45195, 4683, 0.1, 1, 0, 1, 1),
(45195, 4684, 0.2, 1, 0, 1, 1),
(45195, 4689, 0.2, 1, 0, 1, 1),
(45195, 4690, 0.05, 1, 0, 1, 1),
(45195, 4701, 0.1, 1, 0, 1, 1),
(45195, 5069, 0.2, 1, 0, 1, 1),
(45195, 5071, 0.1, 1, 0, 1, 1),
(45195, 5573, 0.05, 1, 0, 1, 1),
(45195, 5574, 0.05, 1, 0, 1, 1),
(45195, 6266, 0.1, 1, 0, 1, 1),
(45195, 6267, 0.2, 1, 0, 1, 1),
(45195, 6268, 0.1, 1, 0, 1, 1),
(45195, 6269, 0.1, 1, 0, 1, 1),
(45195, 6271, 0.05, 1, 0, 1, 1),
(45195, 6336, 0.1, 1, 0, 1, 1),
(45195, 6337, 0.2, 1, 0, 1, 1),
(45195, 6344, 0.05, 1, 0, 1, 1),
(45195, 6506, 0.05, 1, 0, 1, 1),
(45195, 6510, 0.1, 1, 0, 1, 1),
(45195, 6511, 0.1, 1, 0, 1, 1),
(45195, 6512, 0.1, 1, 0, 1, 1),
(45195, 6515, 0.1, 1, 0, 1, 1),
(45195, 6518, 0.1, 1, 0, 1, 1),
(45195, 6521, 0.1, 1, 0, 1, 1),
(45195, 6537, 0.1, 1, 0, 1, 1),
(45195, 6539, 0.05, 1, 0, 1, 1),
(45195, 6541, 0.05, 1, 0, 1, 1),
(45195, 6542, 0.05, 1, 0, 1, 1),
(45195, 6543, 0.1, 1, 0, 1, 1),
(45195, 6548, 0.05, 1, 0, 1, 1),
(45195, 6549, 0.1, 1, 0, 1, 1),
(45195, 6550, 0.05, 1, 0, 1, 1),
(45195, 6555, 0.05, 1, 0, 1, 1),
(45195, 6556, 0.05, 1, 0, 1, 1),
(45195, 6557, 0.05, 1, 0, 1, 1),
(45195, 6558, 0.05, 1, 0, 1, 1),
(45195, 6559, 0.05, 1, 0, 1, 1),
(45195, 6560, 0.05, 1, 0, 1, 1),
(45195, 6716, 0.05, 1, 0, 1, 1),
(45195, 7108, 0.1, 1, 0, 1, 1),
(45195, 7288, 0.05, 1, 0, 1, 1),
(45195, 8180, 0.05, 1, 0, 1, 1),
(45195, 9742, 0.2, 1, 0, 1, 1),
(45195, 9743, 0.2, 1, 0, 1, 1),
(45195, 9744, 0.2, 1, 0, 1, 1),
(45195, 9745, 0.1, 1, 0, 1, 1),
(45195, 9746, 0.3, 1, 0, 1, 1),
(45195, 9747, 0.1, 1, 0, 1, 1),
(45195, 9748, 0.05, 1, 0, 1, 1),
(45195, 9749, 0.1, 1, 0, 1, 1),
(45195, 9750, 0.2, 1, 0, 1, 1),
(45195, 9751, 0.2, 1, 0, 1, 1),
(45195, 9752, 0.1, 1, 0, 1, 1),
(45195, 9753, 0.05, 1, 0, 1, 1),
(45195, 9754, 0.05, 1, 0, 1, 1),
(45195, 9755, 0.1, 1, 0, 1, 1),
(45195, 9756, 0.1, 1, 0, 1, 1),
(45195, 9757, 0.05, 1, 0, 1, 1),
(45195, 9758, 0.1, 1, 0, 1, 1),
(45195, 9759, 0.1, 1, 0, 1, 1),
(45195, 9760, 0.2, 1, 0, 1, 1),
(45195, 9761, 0.05, 1, 0, 1, 1),
(45195, 9762, 0.1, 1, 0, 1, 1),
(45195, 9763, 0.1, 1, 0, 1, 1),
(45195, 9764, 0.05, 1, 0, 1, 1),
(45195, 9765, 0.05, 1, 0, 1, 1),
(45195, 9786, 0.1, 1, 0, 1, 1),
(45195, 15210, 0.1, 1, 0, 1, 1),
(45195, 15268, 0.05, 1, 0, 1, 1),
(45195, 15925, 0.1, 1, 0, 1, 1),
(45195, 15932, 0.2, 1, 0, 1, 1),
(45195, 15933, 0.2, 1, 0, 1, 1),
(45195, 21524, 0.05, 1, 0, 1, 1),
(45195, 21525, 0.05, 1, 0, 1, 1);

-- Bloodfang Stalker - spawns --
INSERT INTO `creature` (`guid`, `id`, `map`, `spawnMask`, `phaseMask`, `modelid`, `equipment_id`, `position_x`, `position_y`, `position_z`, `orientation`, `spawntimesecs`, `spawndist`, `currentwaypoint`, `curhealth`, `curmana`, `DeathState`, `MovementType`, `npcflag`, `unit_flags`, `dynamicflags`) VALUES
(NULL, 45195, 0, 1, 1, 0, 0, 289.695, 1559.62, 116.613, 4.48844, 300, 0, 0, 0, 0, 0, 0, 0, 0, 0),
(NULL, 45195, 0, 1, 1, 0, 0, 258.957, 1578.37, 121.988, 3.85356, 300, 0, 0, 0, 0, 0, 0, 0, 0, 0),
(NULL, 45195, 0, 1, 1, 0, 0, 101.955, 1425.12, 111.742, 5.90268, 300, 0, 0, 0, 0, 0, 0, 0, 0, 0),
(NULL, 45195, 0, 1, 1, 0, 0, 139.708, 1434.26, 113.379, 1.50436, 300, 0, 0, 0, 0, 0, 0, 0, 0, 0),
(NULL, 45195, 0, 1, 1, 0, 0, 221.702, 1504.95, 116.188, 3.02353, 300, 0, 0, 0, 0, 0, 0, 0, 0, 0),
(NULL, 45195, 0, 1, 1, 0, 0, 355.708, 1459.12, 121.314, 4.31387, 300, 0, 0, 0, 0, 0, 0, 0, 0, 0),
(NULL, 45195, 0, 1, 1, 0, 0, 251.553, 1446.7, 114.932, 0.237453, 300, 0, 0, 0, 0, 0, 0, 0, 0, 0),
(NULL, 45195, 0, 1, 1, 0, 0, 338.791, 1563.53, 123.926, 5.73473, 300, 0, 0, 0, 0, 0, 0, 0, 0, 0),
(NULL, 45195, 0, 1, 1, 0, 0, 272.193, 1478.39, 115.038, 1.20945, 300, 0, 0, 0, 0, 0, 0, 0, 0, 0),
(NULL, 45195, 0, 1, 1, 0, 0, 161.088, 1404.86, 108.846, 5.49988, 300, 0, 0, 0, 0, 0, 0, 0, 0, 0),
(NULL, 45195, 0, 1, 1, 0, 0, 213.869, 1398.99, 107.836, 0.890564, 300, 0, 0, 0, 0, 0, 0, 0, 0, 0),
(NULL, 45195, 0, 1, 1, 0, 0, 337.5, 1504.17, 123.171, 0.538675, 300, 0, 0, 0, 0, 0, 0, 0, 0, 0),
(NULL, 45195, 0, 1, 1, 0, 0, 124.077, 1373.77, 105.831, 3.93252, 300, 0, 0, 0, 0, 0, 0, 0, 0, 0),
(NULL, 45195, 0, 1, 1, 0, 0, 108.469, 1451.64, 115.435, 1.09956, 300, 0, 0, 0, 0, 0, 0, 0, 0, 0),
(NULL, 45195, 0, 1, 1, 0, 0, 155.417, 1463.03, 114.504, 3.31121, 300, 0, 0, 0, 0, 0, 0, 0, 0, 0),
(NULL, 45195, 0, 1, 1, 0, 0, 223.988, 1560.81, 123.599, 0.42485, 300, 0, 0, 0, 0, 0, 0, 0, 0, 0),
(NULL, 45195, 0, 1, 1, 0, 0, 257.809, 1405.3, 114.036, 5.81821, 300, 0, 0, 0, 0, 0, 0, 0, 0, 0),
(NULL, 45195, 0, 1, 1, 0, 0, 163.647, 1536.29, 114.59, 2.31138, 300, 0, 0, 0, 0, 0, 0, 0, 0, 0),
(NULL, 45195, 0, 1, 1, 0, 0, 180.048, 1358.25, 95.6157, 1.30108, 300, 0, 0, 0, 0, 0, 0, 0, 0, 0),
(NULL, 45195, 0, 1, 1, 0, 0, 108.533, 1504.85, 114.919, 1.43404, 300, 0, 0, 0, 0, 0, 0, 0, 0, 0),
(NULL, 45195, 0, 1, 1, 0, 0, 216.933, 1442.69, 113.571, 5.86789, 300, 0, 0, 0, 0, 0, 0, 0, 0, 0),
(NULL, 45195, 0, 1, 1, 0, 0, 203.533, 1481.4, 114.563, 3.35507, 300, 0, 0, 0, 0, 0, 0, 0, 0, 0),
(NULL, 45195, 0, 1, 1, 0, 0, 277.314, 1518.97, 116.538, 0.23742, 300, 0, 0, 0, 0, 0, 0, 0, 0, 0),
(NULL, 45195, 0, 1, 1, 0, 0, 316.597, 1461.7, 114.945, 5.05295, 300, 0, 0, 0, 0, 0, 0, 0, 0, 0);


-- -- -- -- -- -- -- -- -- -- -- -- -- --
-- Berard the Moon-Crazed  (ID: 46992) --
-- -- -- -- -- -- -- -- -- -- -- -- -- --

-- Berard the Moon-Crazed - new template --
UPDATE `creature_template` SET `AIName` = 'SmartAI' WHERE `entry` = 46992;

-- Berard the Moon-Crazed - addon --
INSERT INTO `creature_template_addon` (`entry`, `path_id`, `mount`, `bytes1`, `bytes2`, `emote`, `auras`) VALUES
(46992, 0, 0, 0, 0, 0, '');

-- Berard the Moon-Crazed - equip --
INSERT INTO `creature_equip_template` (`entry`, `equipentry1`, `equipentry2`, `equipentry3`) VALUES
(46992, 0, 0, 0);

-- Berard the Moon-Crazed - SAI --
INSERT INTO `smart_scripts` (`entryorguid`,`source_type`,`id`,`link`,`event_type`,`event_phase_mask`,`event_chance`,`event_flags`,`event_param1`,`event_param2`,`event_param3`,`event_param4`,`action_type`,`action_param1`,`action_param2`,`action_param3`,`action_param4`,`action_param5`,`action_param6`,`target_type`,`target_param1`,`target_param2`,`target_param3`,`target_x`,`target_y`,`target_z`,`target_o`,`comment`) VALUES 
(46992, 0, 0, 0, 0, 0, 100, 0, 1000, 2000, 4000, 5000, 11, 60195, 0, 0, 0, 0, 0, 2, 0, 0, 0, 0, 0, 0, 0, "Berard the Moon-Crazed - cast Sinister Strike"), 
(46992, 0, 1, 0, 0, 0, 100, 0, 1, 1, 35000, 35000, 11, 79864, 0, 0, 0, 0, 0, 1, 0, 0, 0, 0, 0, 0, 0, "Berard the Moon-Crazed - cast Shadowstep"), 
(46992, 0, 2, 0, 2, 0, 100, 1, 5, 25, 0, 0, 80, 4699200, 0, 2, 0, 0, 0, 1, 0, 0, 0, 0, 0, 0, 0, "Berard the Moon-Crazed - call timed actionlist - Enrage"), 
(46992, 0, 3, 0, 25, 0, 100, 0, 0, 0, 0, 0, 11, 86237, 0, 0, 0, 0, 0, 1, 0, 0, 0, 0, 0, 0, 0, "Berard the Moon-Crazed - aura Kill me!"), 
(46992, 0, 4, 0, 25, 0, 100, 0, 0, 0, 0, 0, 11, 86559, 0, 0, 0, 0, 0, 1, 0, 0, 0, 0, 0, 0, 0, "Berard the Moon-Crazed - aura Stalking"), 
(4699200, 9, 0, 0, 0, 0, 100, 1, 0, 0, 0, 0, 11, 8599, 0, 0, 0, 0, 0, 1, 0, 0, 0, 0, 0, 0, 0, "Berard the Moon-Crazed - cast Enrage"), 
(4699200, 9, 1, 0, 0, 0, 100, 1, 1, 1, 0, 0, 1, 0, 0, 0, 0, 0, 0, 1, 0, 0, 0, 0, 0, 0, 0, "Berard the Moon-Crazed - boss emote on enrage");

-- Berard the Moon-Crazed - texts --
INSERT INTO `creature_text` (`entry`, `groupid`, `id`, `text`, `type`, `language`, `probability`, `emote`, `duration`, `sound`, `comment`) VALUES
(46992, 0, 0, 'Berard the Moon-Crazed becomes enraged!', 2, 0, 100, 0, 0, 0, 'Berard the Moon-Crazed 1');

-- Berard the Moon-Crazed - spawn --
INSERT INTO `creature` (`guid`, `id`, `map`, `spawnMask`, `phaseMask`, `modelid`, `equipment_id`, `position_x`, `position_y`, `position_z`, `orientation`, `spawntimesecs`, `spawndist`, `currentwaypoint`, `curhealth`, `curmana`, `DeathState`, `MovementType`, `npcflag`, `unit_flags`, `dynamicflags`) VALUES
(NULL, 46992, 0, 1, 1, 0, 0, 242.54, 1643.47, 142.281, 4.15388, 3600, 0, 0, 0, 0, 0, 0, 0, 0, 0);


-- -- -- -- -- -- -- --
-- Worg   (ID: 1765) --
-- -- -- -- -- -- -- --

-- Worg - new template --
INSERT INTO `creature_template` (`entry`, `difficulty_entry_1`, `difficulty_entry_2`, `difficulty_entry_3`, `KillCredit1`, `KillCredit2`, `modelid1`, `modelid2`, `modelid3`, `modelid4`, `name`, `subname`, `IconName`, `gossip_menu_id`, `minlevel`, `maxlevel`, `exp`, `faction_A`, `faction_H`, `npcflag`, `speed_walk`, `speed_run`, `scale`, `rank`, `mindmg`, `maxdmg`, `dmgschool`, `attackpower`, `dmg_multiplier`, `baseattacktime`, `rangeattacktime`, `unit_class`, `unit_flags`, `dynamicflags`, `family`, `trainer_type`, `trainer_spell`, `trainer_class`, `trainer_race`, `minrangedmg`, `maxrangedmg`, `rangedattackpower`, `type`, `type_flags`, `lootid`, `pickpocketloot`, `skinloot`, `resistance1`, `resistance2`, `resistance3`, `resistance4`, `resistance5`, `resistance6`, `spell1`, `spell2`, `spell3`, `spell4`, `spell5`, `spell6`, `spell7`, `spell8`, `PetSpellDataId`, `VehicleId`, `mingold`, `maxgold`, `AIName`, `MovementType`, `InhabitType`, `Health_mod`, `Mana_mod`, `Armor_mod`, `RacialLeader`, `questItem1`, `questItem2`, `questItem3`, `questItem4`, `questItem5`, `questItem6`, `movementId`, `RegenHealth`, `equipment_id`, `mechanic_immune_mask`, `flags_extra`, `ScriptName`, `WDBVerified`) VALUES
(1765, 0, 0, 0, 0, 0, 11421, 0, 0, 0, 'Worg', NULL, NULL, 0, 9, 10, 0, 38, 38, 0, 1, 1, 1, 0, 13, 17, 0, 42, 1, 2000, 0, 1, 32768, 2048, 1, 0, 0, 0, 0, 9, 13, 0, 1, 1, 1765, 0, 1765, 0, 0, 0, 0, 0, 0, 0, 0, 0, 0, 0, 0, 0, 0, 5945, 0, 0, 0, 'EventAI', 1, 3, 1, 1, 1, 0, 0, 0, 0, 0, 0, 0, 0, 1, 1765, 0, 0, '', 0);

-- Worg - addon --
INSERT INTO `creature_template_addon` (`entry`, `path_id`, `mount`, `bytes1`, `bytes2`, `emote`, `auras`) VALUES
(1765, 0, 0, 0, 0, 0, '');

-- Worg - equip --
INSERT INTO `creature_equip_template` (`entry`, `equipentry1`, `equipentry2`, `equipentry3`) VALUES
(1765, 0, 0, 0);

-- Worg - spawns --
INSERT INTO `creature` (`guid`, `id`, `map`, `spawnMask`, `phaseMask`, `modelid`, `equipment_id`, `position_x`, `position_y`, `position_z`, `orientation`, `spawntimesecs`, `spawndist`, `currentwaypoint`, `curhealth`, `curmana`, `DeathState`, `MovementType`, `npcflag`, `unit_flags`, `dynamicflags`) VALUES
(NULL, 1765, 0, 1, 1, 0, 0, 1376.31, 679.446, 39.7203, 0.708626, 300, 0, 0, 0, 0, 0, 0, 0, 0, 0),
(NULL, 1765, 0, 1, 1, 0, 0, 1513.06, 555.113, 52.3071, 2.80472, 300, 0, 0, 0, 0, 0, 0, 0, 0, 0),
(NULL, 1765, 0, 1, 1, 0, 0, 1353.13, 719.534, 35.5323, 0.256579, 300, 0, 0, 0, 0, 0, 0, 0, 0, 0),
(NULL, 1765, 0, 1, 1, 0, 0, 261.664, 1528.02, 145.97, 5.71009, 300, 0, 0, 0, 0, 0, 0, 0, 0, 0),
(NULL, 1765, 0, 1, 1, 0, 0, 326.177, 1592.61, 126.402, 2.81236, 300, 0, 0, 0, 0, 0, 0, 0, 0, 0),
(NULL, 1765, 0, 1, 1, 0, 0, 1501.68, 728.545, 44.2541, 0.244979, 300, 0, 0, 0, 0, 0, 0, 0, 0, 0),
(NULL, 1765, 0, 1, 1, 0, 0, 200.122, 1636.22, 141.043, 6.25142, 300, 0, 0, 0, 0, 0, 0, 0, 0, 0),
(NULL, 1765, 0, 1, 1, 0, 0, 1490.29, 580.927, 53.0487, 1.17979, 300, 0, 0, 0, 0, 0, 0, 0, 0, 0),
(NULL, 1765, 0, 1, 1, 0, 0, 1448.39, 548.308, 50.9762, 2.01786, 300, 0, 0, 0, 0, 0, 0, 0, 0, 0),
(NULL, 1765, 0, 1, 1, 0, 0, 1458.65, 774.804, 50.1241, 4.09448, 300, 0, 0, 0, 0, 0, 0, 0, 0, 0),
(NULL, 1765, 0, 1, 1, 0, 0, 1355.76, 769.309, 36.7444, 2.31713, 300, 0, 0, 0, 0, 0, 0, 0, 0, 0),
(NULL, 1765, 0, 1, 1, 0, 0, 1511.81, 691.075, 50.0853, 5.2451, 300, 0, 0, 0, 0, 0, 0, 0, 0, 0),
(NULL, 1765, 0, 1, 1, 0, 0, 1415.35, 662.39, 50.4851, 0.019529, 300, 0, 0, 0, 0, 0, 0, 0, 0, 0),
(NULL, 1765, 0, 1, 1, 0, 0, 1431.55, 611.792, 43.0209, 3.70578, 300, 0, 0, 0, 0, 0, 0, 0, 0, 0),
(NULL, 1765, 0, 1, 1, 0, 0, 1443.68, 744.701, 44.6805, 3.60057, 300, 0, 0, 0, 0, 0, 0, 0, 0, 0),
(NULL, 1765, 0, 1, 1, 0, 0, 1536.16, 510.723, 47.0692, 3.25904, 300, 0, 0, 0, 0, 0, 0, 0, 0, 0),
(NULL, 1765, 0, 1, 1, 0, 0, 1434.15, 1015.51, 52.3332, 0.120903, 300, 0, 0, 0, 0, 0, 0, 0, 0, 0),
(NULL, 1765, 0, 1, 1, 0, 0, 319.861, 1437.96, 125.322, 2.2434, 300, 0, 0, 0, 0, 0, 0, 0, 0, 0),
(NULL, 1765, 0, 1, 1, 0, 0, 1462.88, 726.477, 44.6103, 6.10342, 300, 0, 0, 0, 0, 0, 0, 0, 0, 0),
(NULL, 1765, 0, 1, 1, 0, 0, 1421.18, 675.368, 50.8068, 2.47935, 300, 0, 0, 0, 0, 0, 0, 0, 0, 0),
(NULL, 1765, 0, 1, 1, 0, 0, 1467.96, 501.709, 40.902, 4.50102, 300, 0, 0, 0, 0, 0, 0, 0, 0, 0),
(NULL, 1765, 0, 1, 1, 0, 0, 382.513, 1499.01, 125.727, 2.095, 300, 0, 0, 0, 0, 0, 0, 0, 0, 0),
(NULL, 1765, 0, 1, 1, 0, 0, 1458.97, 539.176, 48.0651, 2.57332, 300, 0, 0, 0, 0, 0, 0, 0, 0, 0),
(NULL, 1765, 0, 1, 1, 0, 0, 1516.98, 687.972, 50.7996, 0.499035, 300, 0, 0, 0, 0, 0, 0, 0, 0, 0),
(NULL, 1765, 0, 1, 1, 0, 0, 1529.37, 559.778, 50.3755, 0.558799, 300, 0, 0, 0, 0, 0, 0, 0, 0, 0),
(NULL, 1765, 0, 1, 1, 0, 0, 1513.36, 728.35, 47.0631, 1.5913, 300, 0, 0, 0, 0, 0, 0, 0, 0, 0),
(NULL, 1765, 0, 1, 1, 0, 0, 1585.98, 629.889, 61.4021, 0.144534, 300, 0, 0, 0, 0, 0, 0, 0, 0, 0),
(NULL, 1765, 0, 1, 1, 0, 0, 1481.58, 583.226, 53.5268, 4.04694, 300, 0, 0, 0, 0, 0, 0, 0, 0, 0),
(NULL, 1765, 0, 1, 1, 0, 0, 1474.03, 516.741, 39.3069, 0.785369, 300, 0, 0, 0, 0, 0, 0, 0, 0, 0),
(NULL, 1765, 0, 1, 1, 0, 0, 1545.62, 512.725, 48.2212, 4.83675, 300, 0, 0, 0, 0, 0, 0, 0, 0, 0),
(NULL, 1765, 0, 1, 1, 0, 0, 1433.3, 622.316, 45.5227, 4.31609, 300, 0, 0, 0, 0, 0, 0, 0, 0, 0),
(NULL, 1765, 0, 1, 1, 0, 0, 1215.52, 982.818, 37.2592, 3.34997, 300, 0, 0, 0, 0, 0, 0, 0, 0, 0),
(NULL, 1765, 0, 1, 1, 0, 0, 1492.83, 721.194, 43.9091, 4.8972, 300, 0, 0, 0, 0, 0, 0, 0, 0, 0),
(NULL, 1765, 0, 1, 1, 0, 0, 1043.9, 1118.29, 44.371, 3.31958, 300, 0, 0, 0, 0, 0, 0, 0, 0, 0),
(NULL, 1765, 0, 1, 1, 0, 0, 1428.75, 849.34, 50.4256, 2.75388, 300, 0, 0, 0, 0, 0, 0, 0, 0, 0),
(NULL, 1765, 0, 1, 1, 0, 0, 994.086, 1249.53, 48.6468, 5.33267, 300, 0, 0, 0, 0, 0, 0, 0, 0, 0),
(NULL, 1765, 0, 1, 1, 0, 0, 1384.05, 895.116, 49.119, 6.15786, 300, 0, 0, 0, 0, 0, 0, 0, 0, 0),
(NULL, 1765, 0, 1, 1, 0, 0, 1324.19, 675.912, 35.3583, 1.05679, 300, 0, 0, 0, 0, 0, 0, 0, 0, 0),
(NULL, 1765, 0, 1, 1, 0, 0, 1241.46, 898.928, 34.1897, 0.995527, 300, 0, 0, 0, 0, 0, 0, 0, 0, 0),
(NULL, 1765, 0, 1, 1, 0, 0, 1505.45, 760.067, 50.3014, 5.24075, 300, 0, 0, 0, 0, 0, 0, 0, 0, 0),
(NULL, 1765, 0, 1, 1, 0, 0, 972.028, 1116.95, 47.9619, 1.10583, 300, 0, 0, 0, 0, 0, 0, 0, 0, 0),
(NULL, 1765, 0, 1, 1, 0, 0, 1054.57, 1084.93, 37.451, 1.31146, 300, 0, 0, 0, 0, 0, 0, 0, 0, 0),
(NULL, 1765, 0, 1, 1, 0, 0, 1145.92, 1080.01, 33.4387, 4.61534, 300, 0, 0, 0, 0, 0, 0, 0, 0, 0),
(NULL, 1765, 0, 1, 1, 0, 0, 1265.69, 980.201, 43.4975, 1.37603, 300, 0, 0, 0, 0, 0, 0, 0, 0, 0),
(NULL, 1765, 0, 1, 1, 0, 0, 1438.04, 910.191, 53.3081, 3.46113, 300, 0, 0, 0, 0, 0, 0, 0, 0, 0),
(NULL, 1765, 0, 1, 1, 0, 0, 1385.82, 945.962, 49.4361, 2.08137, 300, 0, 0, 0, 0, 0, 0, 0, 0, 0),
(NULL, 1765, 0, 1, 1, 0, 0, 1433.67, 954.484, 54.2374, 0.060065, 300, 0, 0, 0, 0, 0, 0, 0, 0, 0),
(NULL, 1765, 0, 1, 1, 0, 0, 1433.85, 632.291, 47.0261, 1.5708, 300, 0, 0, 0, 0, 0, 0, 0, 0, 0),
(NULL, 1765, 0, 1, 1, 0, 0, 1308.18, 1257.67, 53.2361, 3.889, 300, 0, 0, 0, 0, 0, 0, 0, 0, 0),
(NULL, 1765, 0, 1, 1, 0, 0, 1381.54, 696.257, 40.8739, 1.72667, 300, 0, 0, 0, 0, 0, 0, 0, 0, 0),
(NULL, 1765, 0, 1, 1, 0, 0, 1316.16, 909.787, 49.5659, 3.70765, 300, 0, 0, 0, 0, 0, 0, 0, 0, 0),
(NULL, 1765, 0, 1, 1, 0, 0, 953.706, 1154.24, 43.2946, 6.24108, 300, 0, 0, 0, 0, 0, 0, 0, 0, 0),
(NULL, 1765, 0, 1, 1, 0, 0, 1473.41, 914.945, 58.8353, 5.77944, 300, 0, 0, 0, 0, 0, 0, 0, 0, 0),
(NULL, 1765, 0, 1, 1, 0, 0, 1281.84, 889.84, 38.2831, 1.45499, 300, 0, 0, 0, 0, 0, 0, 0, 0, 0),
(NULL, 1765, 0, 1, 1, 0, 0, 1471.56, 884.062, 63.6832, 1.32416, 300, 0, 0, 0, 0, 0, 0, 0, 0, 0),
(NULL, 1765, 0, 1, 1, 0, 0, 963.234, 1076.68, 39.8204, 3.49693, 300, 0, 0, 0, 0, 0, 0, 0, 0, 0),
(NULL, 1765, 0, 1, 1, 0, 0, 1177.47, 1004.76, 35.2521, 1.51487, 300, 0, 0, 0, 0, 0, 0, 0, 0, 0),
(NULL, 1765, 0, 1, 1, 0, 0, 1010.15, 1222.94, 54.346, 4.47684, 300, 0, 0, 0, 0, 0, 0, 0, 0, 0),
(NULL, 1765, 0, 1, 1, 0, 0, 1213.29, 910.047, 34.0701, 3.59454, 300, 0, 0, 0, 0, 0, 0, 0, 0, 0);

-- -- -- -- -- -- -- -- -- -- -- --
-- Marsh Crocolisk   (ID: 45896) --
-- -- -- -- -- -- -- -- -- -- -- --

-- Powerful Bite - 48287 --
-- Thick Hide - 87228 --

-- Marsh Crocolisk - spawns --
INSERT INTO `creature` (`guid`, `id`, `map`, `spawnMask`, `phaseMask`, `modelid`, `equipment_id`, `position_x`, `position_y`, `position_z`, `orientation`, `spawntimesecs`, `spawndist`, `currentwaypoint`, `curhealth`, `curmana`, `DeathState`, `MovementType`, `npcflag`, `unit_flags`, `dynamicflags`) VALUES
(NULL, 45896, 0, 1, 1, 0, 0, -551.149, 1562.35, 10.5131, 6.15028, 300, 0, 0, 0, 0, 0, 0, 0, 0, 0),
(NULL, 45896, 0, 1, 1, 0, 0, -529.688, 1576.56, 12.0139, 4.49363, 300, 0, 0, 0, 0, 0, 0, 0, 0, 0),
(NULL, 45896, 0, 1, 1, 0, 0, -651.678, 1503.17, 28.1644, 1.54574, 300, 0, 0, 0, 0, 0, 0, 0, 0, 0),
(NULL, 45896, 0, 1, 1, 0, 0, -706.8, 1449.02, 27.8773, 2.28056, 300, 0, 0, 0, 0, 0, 0, 0, 0, 0),
(NULL, 45896, 0, 1, 1, 0, 0, -654.892, 1463.23, 27.6975, 0.893878, 300, 0, 0, 0, 0, 0, 0, 0, 0, 0),
(NULL, 45896, 0, 1, 1, 0, 0, -491.85, 1502.4, 10.0956, 3.52417, 300, 0, 0, 0, 0, 0, 0, 0, 0, 0),
(NULL, 45896, 0, 1, 1, 0, 0, -540.892, 1621.3, 8.90547, 2.81713, 300, 0, 0, 0, 0, 0, 0, 0, 0, 0),
(NULL, 45896, 0, 1, 1, 0, 0, -505.909, 1637.92, 12.446, 1.47915, 300, 0, 0, 0, 0, 0, 0, 0, 0, 0),
(NULL, 45896, 0, 1, 1, 0, 0, -492.814, 1525.07, 12.3456, 0.727618, 300, 0, 0, 0, 0, 0, 0, 0, 0, 0),
(NULL, 45896, 0, 1, 1, 0, 0, -619.705, 1456.44, 27.9879, 5.07404, 300, 0, 0, 0, 0, 0, 0, 0, 0, 0),
(NULL, 45896, 0, 1, 1, 0, 0, -557.142, 1594.85, 11.4501, 2.4547, 300, 0, 0, 0, 0, 0, 0, 0, 0, 0),
(NULL, 45896, 0, 1, 1, 0, 0, -647.916, 1681.25, 28.7703, 1.58628, 300, 0, 0, 0, 0, 0, 0, 0, 0, 0),
(NULL, 45896, 0, 1, 1, 0, 0, -708.737, 1695.48, 27.5898, 3.54219, 300, 0, 0, 0, 0, 0, 0, 0, 0, 0),
(NULL, 45896, 0, 1, 1, 0, 0, -532.309, 1596.02, 10.6389, 4.45233, 300, 0, 0, 0, 0, 0, 0, 0, 0, 0),
(NULL, 45896, 0, 1, 1, 0, 0, -518.785, 1523.78, 11.9097, 2.60804, 300, 0, 0, 0, 0, 0, 0, 0, 0, 0),
(NULL, 45896, 0, 1, 1, 0, 0, -507.291, 1592.71, 12.8889, 4.17203, 300, 0, 0, 0, 0, 0, 0, 0, 0, 0),
(NULL, 45896, 0, 1, 1, 0, 0, -712.989, 1479.78, 27.8773, 4.35177, 300, 0, 0, 0, 0, 0, 0, 0, 0, 0);


-- -- -- -- -- -- -- -- -- -- -- --
-- Thule Ravenclaw   (ID: 47023) --
-- -- -- -- -- -- -- -- -- -- -- --

-- Thule Ravenclaw - new template --
INSERT INTO `creature_template` (`entry`, `difficulty_entry_1`, `difficulty_entry_2`, `difficulty_entry_3`, `KillCredit1`, `KillCredit2`, `modelid1`, `modelid2`, `modelid3`, `modelid4`, `name`, `subname`, `IconName`, `gossip_menu_id`, `minlevel`, `maxlevel`, `exp`, `faction_A`, `faction_H`, `npcflag`, `speed_walk`, `speed_run`, `scale`, `rank`, `mindmg`, `maxdmg`, `dmgschool`, `attackpower`, `dmg_multiplier`, `baseattacktime`, `rangeattacktime`, `unit_class`, `unit_flags`, `dynamicflags`, `family`, `trainer_type`, `trainer_spell`, `trainer_class`, `trainer_race`, `minrangedmg`, `maxrangedmg`, `rangedattackpower`, `type`, `type_flags`, `lootid`, `pickpocketloot`, `skinloot`, `resistance1`, `resistance2`, `resistance3`, `resistance4`, `resistance5`, `resistance6`, `spell1`, `spell2`, `spell3`, `spell4`, `spell5`, `spell6`, `spell7`, `spell8`, `PetSpellDataId`, `VehicleId`, `mingold`, `maxgold`, `AIName`, `MovementType`, `InhabitType`, `Health_mod`, `Mana_mod`, `Armor_mod`, `RacialLeader`, `questItem1`, `questItem2`, `questItem3`, `questItem4`, `questItem5`, `questItem6`, `movementId`, `RegenHealth`, `equipment_id`, `mechanic_immune_mask`, `flags_extra`, `ScriptName`, `WDBVerified`) VALUES
(47023, 0, 0, 0, 0, 0, 4430, 0, 0, 0, 'Thule Ravenclaw', NULL, NULL, 0, 20, 20, 0, 70, 70, 0, 1, 1, 1, 4, 21, 29, 0, 30, 1, 2000, 0, 8, 64, 2048, 0, 0, 0, 0, 0, 19, 27, 14, 7, 0, 47023, 0, 0, 0, 0, 0, 0, 0, 0, 0, 0, 0, 0, 0, 0, 0, 0, 0, 0, 0, 0, 'SmartAI', 0, 3, 1.5, 2, 1, 0, 0, 0, 0, 0, 0, 0, 0, 1, 47023, 0, 0, '', 0);

-- Thule Ravenclaw - equip --
INSERT INTO `creature_template_addon` (`entry`, `path_id`, `mount`, `bytes1`, `bytes2`, `emote`, `auras`) VALUES
(47023, 0, 0, 0, 1, 0, '');

-- Thule Ravenclaw - addon --
INSERT INTO `creature_equip_template` (`entry`, `equipentry1`, `equipentry2`, `equipentry3`) VALUES
(47023, 2559, 0, 0);

-- Thule Ravenclaw - SAI --

-- Thule Ravenclaw - loot --
INSERT INTO `creature_loot_template` (`entry`, `item`, `ChanceOrQuestChance`, `lootmode`, `groupid`, `mincountOrRef`, `maxcount`) VALUES
(47023, 414, 7.6, 1, 0, 1, 1),
(47023, 858, 0.3, 1, 0, 1, 1),
(47023, 1179, 4.9, 1, 0, 1, 1),
(47023, 1739, 0.7, 1, 0, 1, 1),
(47023, 1740, 0.3, 1, 0, 1, 1),
(47023, 1743, 0.3, 1, 0, 1, 1),
(47023, 1767, 0.3, 1, 0, 1, 1),
(47023, 1769, 0.7, 1, 0, 1, 1),
(47023, 1813, 0.3, 1, 0, 1, 1),
(47023, 2455, 0.3, 1, 0, 1, 1),
(47023, 2589, 24.3, 1, 0, 1, 3),
(47023, 2592, 18.1, 1, 0, 1, 2),
(47023, 2781, 0.3, 1, 0, 1, 1),
(47023, 3040, 0.3, 1, 0, 1, 1),
(47023, 4575, 0.3, 1, 0, 1, 1),
(47023, 5574, 0.7, 1, 0, 1, 1),
(47023, 6536, 1, 1, 0, 1, 1),
(47023, 6552, 3, 1, 0, 1, 1),
(47023, 6562, 1.3, 1, 0, 1, 1),
(47023, 6563, 1, 1, 0, 1, 1),
(47023, 6564, 1.3, 1, 0, 1, 1),
(47023, 6565, 3.3, 1, 0, 1, 1),
(47023, 6570, 0.3, 1, 0, 1, 1),
(47023, 6573, 0.7, 1, 0, 1, 1),
(47023, 6574, 0.3, 1, 0, 1, 1),
(47023, 6575, 4.6, 1, 0, 1, 1),
(47023, 6576, 0.7, 1, 0, 1, 1),
(47023, 6577, 0.7, 1, 0, 1, 1),
(47023, 6580, 1, 1, 0, 1, 1),
(47023, 6581, 15.8, 1, 0, 1, 1),
(47023, 6582, 1, 1, 0, 1, 1),
(47023, 6583, 2, 1, 0, 1, 1),
(47023, 6585, 3.9, 1, 0, 1, 1),
(47023, 6588, 2.6, 1, 0, 1, 1),
(47023, 9766, 10.2, 1, 0, 1, 1),
(47023, 9767, 2, 1, 0, 1, 1),
(47023, 9768, 0.7, 1, 0, 1, 1),
(47023, 9770, 3.6, 1, 0, 1, 1),
(47023, 9771, 2.6, 1, 0, 1, 1),
(47023, 9772, 1.6, 1, 0, 1, 1),
(47023, 9773, 1.3, 1, 0, 1, 1),
(47023, 9774, 0.7, 1, 0, 1, 1),
(47023, 9775, 0.3, 1, 0, 1, 1),
(47023, 9776, 3.6, 1, 0, 1, 1),
(47023, 9777, 3.3, 1, 0, 1, 1),
(47023, 9780, 5.9, 1, 0, 1, 1),
(47023, 9781, 1.3, 1, 0, 1, 1),
(47023, 9782, 1, 1, 0, 1, 1),
(47023, 9783, 7.2, 1, 0, 1, 1),
(47023, 9787, 0.7, 1, 0, 1, 1),
(47023, 9789, 3.9, 1, 0, 1, 1),
(47023, 9812, 1.3, 1, 0, 1, 1),
(47023, 10405, 1, 1, 0, 1, 1),
(47023, 10407, 4.3, 1, 0, 1, 1);

-- Thule Ravenclaw - spawn --
INSERT INTO `creature` (`guid`, `id`, `map`, `spawnMask`, `phaseMask`, `modelid`, `equipment_id`, `position_x`, `position_y`, `position_z`, `orientation`, `spawntimesecs`, `spawndist`, `currentwaypoint`, `curhealth`, `curmana`, `DeathState`, `MovementType`, `npcflag`, `unit_flags`, `dynamicflags`) VALUES
(NULL, 47023, 0, 1, 1, 0, 0, -15.9392, 1344.16, 59.6047, 2.98451, 3600, 0, 0, 0, 0, 0, 0, 0, 0, 0);


-- -- -- -- -- -- -- -- -- -- -- --
-- Hand of Ravenclaw  (ID: 1870) --
-- -- -- -- -- -- -- -- -- -- -- --

-- Hand of Ravenclaw - new template --
INSERT INTO `creature_template` (`entry`, `difficulty_entry_1`, `difficulty_entry_2`, `difficulty_entry_3`, `KillCredit1`, `KillCredit2`, `modelid1`, `modelid2`, `modelid3`, `modelid4`, `name`, `subname`, `IconName`, `gossip_menu_id`, `minlevel`, `maxlevel`, `exp`, `faction_A`, `faction_H`, `npcflag`, `speed_walk`, `speed_run`, `scale`, `rank`, `mindmg`, `maxdmg`, `dmgschool`, `attackpower`, `dmg_multiplier`, `baseattacktime`, `rangeattacktime`, `unit_class`, `unit_flags`, `dynamicflags`, `family`, `trainer_type`, `trainer_spell`, `trainer_class`, `trainer_race`, `minrangedmg`, `maxrangedmg`, `rangedattackpower`, `type`, `type_flags`, `lootid`, `pickpocketloot`, `skinloot`, `resistance1`, `resistance2`, `resistance3`, `resistance4`, `resistance5`, `resistance6`, `spell1`, `spell2`, `spell3`, `spell4`, `spell5`, `spell6`, `spell7`, `spell8`, `PetSpellDataId`, `VehicleId`, `mingold`, `maxgold`, `AIName`, `MovementType`, `InhabitType`, `Health_mod`, `Mana_mod`, `Armor_mod`, `RacialLeader`, `questItem1`, `questItem2`, `questItem3`, `questItem4`, `questItem5`, `questItem6`, `movementId`, `RegenHealth`, `equipment_id`, `mechanic_immune_mask`, `flags_extra`, `ScriptName`, `WDBVerified`) VALUES
(1870, 0, 0, 0, 0, 0, 732, 0, 0, 0, 'Hand of Ravenclaw', NULL, NULL, 0, 15, 16, 0, 21, 21, 0, 0.888888, 1, 1, 0, 23, 31, 0, 56, 1, 2000, 0, 1, 0, 2048, 0, 0, 0, 0, 0, 16, 23, 2, 6, 0, 1870, 1870, 0, 0, 0, 0, 0, 0, 0, 0, 0, 0, 0, 0, 0, 0, 0, 0, 0, 17, 28, 'SmartAI', 1, 3, 1, 1, 1, 0, 0, 0, 0, 0, 0, 0, 0, 1, 1870, 0, 0, '', 0);

-- Hand of Ravenclaw - equip --
INSERT INTO `creature_template_addon` (`entry`, `path_id`, `mount`, `bytes1`, `bytes2`, `emote`, `auras`) VALUES
(1870, 0, 0, 0, 1, 0, '');

-- Hand of Ravenclaw - addon --
INSERT INTO `creature_equip_template` (`entry`, `equipentry1`, `equipentry2`, `equipentry3`) VALUES
(1870, 2711, 0, 0);

-- Hand of Ravenclaw - SAI --

-- Hand of Ravenclaw - loot --
INSERT INTO `creature_loot_template` (`entry`, `item`, `ChanceOrQuestChance`, `lootmode`, `groupid`, `mincountOrRef`, `maxcount`) VALUES
(1870, 818, 1.9, 1, 0, 1, 1),
(1870, 858, 5.6, 1, 0, 1, 1),
(1870, 954, 0.3194, 1, 0, -954, 1),
(1870, 1179, 7, 1, 0, 1, 1),
(1870, 1206, 0.0581, 1, 0, 1, 1),
(1870, 1210, 1.4, 1, 0, 1, 1),
(1870, 1498, 15, 1, 0, -1498, 1),
(1870, 1499, 1.4, 1, 0, 1, 1),
(1870, 1501, 0.5, 1, 0, 1, 1),
(1870, 1516, 0.5, 1, 0, 1, 1),
(1870, 1730, 0.5, 1, 0, 1, 1),
(1870, 1737, 0.5, 1, 0, 1, 1),
(1870, 1739, 10, 1, 0, -1739, 1),
(1870, 1745, 0.9, 1, 0, 1, 1),
(1870, 1767, 0.5, 1, 0, 1, 1),
(1870, 1768, 1.9, 1, 0, 1, 1),
(1870, 1814, 0.5, 1, 0, 1, 1),
(1870, 1817, 1.4, 1, 0, 1, 1),
(1870, 2073, 1.4, 1, 0, 1, 1),
(1870, 2078, 0.49, 1, 0, -2078, 1),
(1870, 2079, 0.62, 1, 0, -2079, 1),
(1870, 2406, 0.1015, 1, 0, -2406, 1),
(1870, 2409, 0.1451, 1, 0, -2409, 1),
(1870, 2455, 0.9, 1, 0, 1, 1),
(1870, 2589, 52.3, 1, 0, 1, 3),
(1870, 2592, 19.6, 1, 0, 1, 2),
(1870, 2601, 0.029, 1, 0, -2601, 1),
(1870, 2632, 0.3, 1, 0, -2632, 1),
(1870, 2777, 0.9, 1, 0, 1, 1),
(1870, 2780, 0.5, 1, 0, 1, 1),
(1870, 2970, 0.5, 1, 0, 1, 1),
(1870, 2971, 1.8, 1, 0, -2971, 1),
(1870, 2987, 0.5, 1, 0, 1, 1),
(1870, 2988, 0.07, 1, 0, -2988, 1),
(1870, 3283, 0.04, 1, 0, -3283, 1),
(1870, 3376, 0.9, 1, 0, 1, 1),
(1870, 4571, 0.9, 1, 0, 1, 1),
(1870, 4605, 9.8, 1, 0, 1, 1),
(1870, 5573, 0.9, 1, 0, 1, 1),
(1870, 5574, 0.3, 1, 0, -5574, 1),
(1870, 6541, 0.5, 1, 0, 1, 1),
(1870, 6542, 0.5, 1, 0, 1, 1),
(1870, 6550, 0.5, 1, 0, 1, 1),
(1870, 9757, 0.5, 1, 0, 1, 1);

-- Hand of Ravenclaw - spawns --
INSERT INTO `creature` (`guid`, `id`, `map`, `spawnMask`, `phaseMask`, `modelid`, `equipment_id`, `position_x`, `position_y`, `position_z`, `orientation`, `spawntimesecs`, `spawndist`, `currentwaypoint`, `curhealth`, `curmana`, `DeathState`, `MovementType`, `npcflag`, `unit_flags`, `dynamicflags`) VALUES
(NULL, 1870, 0, 1, 1, 0, 0, -8.67535, 1340.79, 60.1341, 3.56047, 300, 0, 0, 0, 0, 0, 0, 0, 0, 0),
(NULL, 1870, 0, 1, 1, 0, 0, -17.4826, 1352.93, 59.7651, 4.41568, 300, 0, 0, 0, 0, 0, 0, 0, 0, 0);


-- -- -- -- -- -- -- -- -- -- -- --
-- Forsaken Trooper  (ID: 46053) --
-- -- -- -- -- -- -- -- -- -- -- --

-- Forsaken Trooper - new template --

-- Forsaken Trooper - equip --

-- Forsaken Trooper - addon --

-- Forsaken Trooper - spawns --
INSERT INTO `creature` (`guid`, `id`, `map`, `spawnMask`, `phaseMask`, `modelid`, `equipment_id`, `position_x`, `position_y`, `position_z`, `orientation`, `spawntimesecs`, `spawndist`, `currentwaypoint`, `curhealth`, `curmana`, `DeathState`, `MovementType`, `npcflag`, `unit_flags`, `dynamicflags`) VALUES
(NULL, 46053, 0, 1, 1, 0, 0, -345.281, 1394.21, 30.412, 1.61954, 300, 0, 0, 0, 0, 0, 0, 0, 0, 0),
(NULL, 46053, 0, 1, 1, 0, 0, -345.658, 1402.2, 30.3089, 1.61794, 300, 0, 0, 0, 0, 0, 0, 0, 0, 0),
(NULL, 46053, 0, 1, 1, 0, 0, -345.469, 1398.2, 30.2871, 1.61795, 300, 0, 0, 0, 0, 0, 0, 0, 0, 0),
(NULL, 46053, 0, 1, 1, 0, 0, -348.702, 1318.63, 39.3761, 4.64039, 300, 0, 0, 0, 0, 0, 0, 0, 0, 0),
(NULL, 46053, 0, 1, 1, 0, 0, -349.108, 1314.65, 39.7511, 4.53893, 300, 0, 0, 0, 0, 0, 0, 0, 0, 0),
(NULL, 46053, 0, 1, 1, 0, 0, -672.36, 1497.42, 28.3773, 1.05845, 300, 0, 0, 0, 0, 0, 0, 0, 0, 0),
(NULL, 46053, 0, 1, 1, 0, 0, -671.542, 1505.38, 28.8742, 1.86797, 300, 0, 0, 0, 0, 0, 0, 0, 0, 0),
(NULL, 46053, 0, 1, 1, 0, 0, -672.769, 1493.44, 28.3774, 0.8137, 300, 0, 0, 0, 0, 0, 0, 0, 0, 0),
(NULL, 46053, 0, 1, 1, 0, 0, -673.178, 1489.46, 28.5023, 0.6561, 300, 0, 0, 0, 0, 0, 0, 0, 0, 0),
(NULL, 46053, 0, 1, 1, 0, 0, -671.951, 1501.4, 28.6242, 1.42506, 300, 0, 0, 0, 0, 0, 0, 0, 0, 0);


-- -- -- -- -- -- -- --
-- Lilly  (ID: 5757) --
-- -- -- -- -- -- -- --

-- Lilly - new template --
INSERT INTO `creature_template` (`entry`, `difficulty_entry_1`, `difficulty_entry_2`, `difficulty_entry_3`, `KillCredit1`, `KillCredit2`, `modelid1`, `modelid2`, `modelid3`, `modelid4`, `name`, `subname`, `IconName`, `gossip_menu_id`, `minlevel`, `maxlevel`, `exp`, `faction_A`, `faction_H`, `npcflag`, `speed_walk`, `speed_run`, `scale`, `rank`, `mindmg`, `maxdmg`, `dmgschool`, `attackpower`, `dmg_multiplier`, `baseattacktime`, `rangeattacktime`, `unit_class`, `unit_flags`, `dynamicflags`, `family`, `trainer_type`, `trainer_spell`, `trainer_class`, `trainer_race`, `minrangedmg`, `maxrangedmg`, `rangedattackpower`, `type`, `type_flags`, `lootid`, `pickpocketloot`, `skinloot`, `resistance1`, `resistance2`, `resistance3`, `resistance4`, `resistance5`, `resistance6`, `spell1`, `spell2`, `spell3`, `spell4`, `spell5`, `spell6`, `spell7`, `spell8`, `PetSpellDataId`, `VehicleId`, `mingold`, `maxgold`, `AIName`, `MovementType`, `InhabitType`, `Health_mod`, `Mana_mod`, `Armor_mod`, `RacialLeader`, `questItem1`, `questItem2`, `questItem3`, `questItem4`, `questItem5`, `questItem6`, `movementId`, `RegenHealth`, `equipment_id`, `mechanic_immune_mask`, `flags_extra`, `ScriptName`, `WDBVerified`) VALUES
(5757, 0, 0, 0, 0, 0, 4177, 0, 0, 0, 'Lilly', 'Enchanting Supplies', NULL, 0, 19, 19, 0, 68, 68, 129, 1, 1, 1, 0, 27, 37, 0, 68, 1, 2000, 0, 1, 33280, 2048, 0, 0, 0, 0, 0, 19, 27, 3, 7, 0, 0, 0, 0, 0, 0, 0, 0, 0, 0, 0, 0, 0, 0, 0, 0, 0, 0, 0, 0, 0, 0, '', 0, 3, 1, 1, 1, 0, 0, 0, 0, 0, 0, 0, 0, 1, 5757, 0, 2, '', 12340);

-- Lilly - equip --
INSERT INTO `creature_equip_template` (`entry`, `equipentry1`, `equipentry2`, `equipentry3`) VALUES
(5757, 0, 0, 6230);

-- Lilly - addon --
INSERT INTO `creature_template_addon` (`entry`, `path_id`, `mount`, `bytes1`, `bytes2`, `emote`, `auras`) VALUES
(5757, 0, 0, 0, 258, 0, '');

-- Lilly - vendor --
INSERT INTO `npc_vendor` (`entry`, `slot`, `item`, `maxcount`, `incrtime`, `ExtendedCost`) VALUES
(5757, 0, 4470, 0, 0, 0),
(5757, 0, 6217, 0, 0, 0),
(5757, 0, 6342, 1, 3600, 0),
(5757, 0, 6346, 1, 3600, 0),
(5757, 0, 10938, 1, 7200, 0),
(5757, 0, 10940, 2, 7200, 0),
(5757, 0, 11291, 0, 0, 0),
(5757, 0, 20752, 0, 0, 0),
(5757, 0, 20753, 0, 0, 0),
(5757, 0, 20758, 0, 0, 0),
(5757, 0, 22307, 0, 0, 0);

-- Lilly - spawn --
INSERT INTO `creature` (`guid`, `id`, `map`, `spawnMask`, `phaseMask`, `modelid`, `equipment_id`, `position_x`, `position_y`, `position_z`, `orientation`, `spawntimesecs`, `spawndist`, `currentwaypoint`, `curhealth`, `curmana`, `DeathState`, `MovementType`, `npcflag`, `unit_flags`, `dynamicflags`) VALUES
(NULL, 5757, 0, 1, 1, 0, 0, 536.976, 1480.67, 115.421, 4.66003, 300, 0, 0, 0, 0, 0, 0, 0, 0, 0);


-- -- -- -- -- -- -- -- -- -- -- --
-- Wallance the Blind (ID: 3534) --
-- -- -- -- -- -- -- -- -- -- -- --

-- Wallence the Blind - new template --
INSERT INTO `creature_template` (`entry`, `difficulty_entry_1`, `difficulty_entry_2`, `difficulty_entry_3`, `KillCredit1`, `KillCredit2`, `modelid1`, `modelid2`, `modelid3`, `modelid4`, `name`, `subname`, `IconName`, `gossip_menu_id`, `minlevel`, `maxlevel`, `exp`, `faction_A`, `faction_H`, `npcflag`, `speed_walk`, `speed_run`, `scale`, `rank`, `mindmg`, `maxdmg`, `dmgschool`, `attackpower`, `dmg_multiplier`, `baseattacktime`, `rangeattacktime`, `unit_class`, `unit_flags`, `dynamicflags`, `family`, `trainer_type`, `trainer_spell`, `trainer_class`, `trainer_race`, `minrangedmg`, `maxrangedmg`, `rangedattackpower`, `type`, `type_flags`, `lootid`, `pickpocketloot`, `skinloot`, `resistance1`, `resistance2`, `resistance3`, `resistance4`, `resistance5`, `resistance6`, `spell1`, `spell2`, `spell3`, `spell4`, `spell5`, `spell6`, `spell7`, `spell8`, `PetSpellDataId`, `VehicleId`, `mingold`, `maxgold`, `AIName`, `MovementType`, `InhabitType`, `Health_mod`, `Mana_mod`, `Armor_mod`, `RacialLeader`, `questItem1`, `questItem2`, `questItem3`, `questItem4`, `questItem5`, `questItem6`, `movementId`, `RegenHealth`, `equipment_id`, `mechanic_immune_mask`, `flags_extra`, `ScriptName`, `WDBVerified`) VALUES
(3534, 0, 0, 0, 0, 0, 3552, 0, 0, 0, 'Wallace the Blind', 'Weaponsmith', NULL, 0, 19, 19, 0, 35, 35, 4225, 1, 1, 1, 0, 27, 37, 0, 68, 1, 2000, 0, 1, 768, 2048, 0, 0, 0, 0, 0, 19, 27, 3, 7, 0, 0, 0, 0, 0, 0, 0, 0, 0, 0, 0, 0, 0, 0, 0, 0, 0, 0, 0, 0, 0, 0, '', 0, 3, 1, 1, 1, 0, 0, 0, 0, 0, 0, 0, 0, 1, 3534, 0, 2, '', 0);

-- Wallence the Blind - equip --
INSERT INTO `creature_equip_template` (`entry`, `equipentry1`, `equipentry2`, `equipentry3`) VALUES
(3534, 11424, 0, 0);

-- Wallence the Blind - addon --
INSERT INTO `creature_template_addon` (`entry`, `path_id`, `mount`, `bytes1`, `bytes2`, `emote`, `auras`) VALUES
(3534, 0, 0, 1, 1, 0, '');

-- Wallence the Blind - vendor --
INSERT INTO `npc_vendor` (`entry`, `slot`, `item`, `maxcount`, `incrtime`, `ExtendedCost`) VALUES
(3534, 0, 851, 0, 0, 0),
(3534, 0, 852, 0, 0, 0),
(3534, 0, 853, 0, 0, 0),
(3534, 0, 854, 0, 0, 0),
(3534, 0, 929, 2, 3600, 0),
(3534, 0, 1196, 0, 0, 0),
(3534, 0, 1197, 0, 0, 0),
(3534, 0, 1198, 0, 0, 0),
(3534, 0, 2207, 0, 0, 0),
(3534, 0, 4777, 1, 3600, 0),
(3534, 0, 4778, 2, 3600, 0),
(3534, 0, 4817, 2, 3600, 0),
(3534, 0, 4818, 2, 3600, 0),
(3534, 0, 11304, 2, 3600, 0);

-- Wallance the Blind - spawns --
INSERT INTO `creature` (`guid`, `id`, `map`, `spawnMask`, `phaseMask`, `modelid`, `equipment_id`, `position_x`, `position_y`, `position_z`, `orientation`, `spawntimesecs`, `spawndist`, `currentwaypoint`, `curhealth`, `curmana`, `DeathState`, `MovementType`, `npcflag`, `unit_flags`, `dynamicflags`) VALUES
(NULL, 3534, 0, 1, 1, 0, 04, 1168.14, 2063.05, 5.48007, 1.09956, 300, 0, 0, 0, 0, 0, 0, 0, 0, 0);


-- -- -- -- -- -- -- -- -- -- -- --
-- Skitterweb Lurker  (ID: 1781) --
-- -- -- -- -- -- -- -- -- -- -- --

-- Skitterweb Lurker - new template --
INSERT INTO `creature_template` (`entry`, `difficulty_entry_1`, `difficulty_entry_2`, `difficulty_entry_3`, `KillCredit1`, `KillCredit2`, `modelid1`, `modelid2`, `modelid3`, `modelid4`, `name`, `subname`, `IconName`, `gossip_menu_id`, `minlevel`, `maxlevel`, `exp`, `faction_A`, `faction_H`, `npcflag`, `speed_walk`, `speed_run`, `scale`, `rank`, `mindmg`, `maxdmg`, `dmgschool`, `attackpower`, `dmg_multiplier`, `baseattacktime`, `rangeattacktime`, `unit_class`, `unit_flags`, `dynamicflags`, `family`, `trainer_type`, `trainer_spell`, `trainer_class`, `trainer_race`, `minrangedmg`, `maxrangedmg`, `rangedattackpower`, `type`, `type_flags`, `lootid`, `pickpocketloot`, `skinloot`, `resistance1`, `resistance2`, `resistance3`, `resistance4`, `resistance5`, `resistance6`, `spell1`, `spell2`, `spell3`, `spell4`, `spell5`, `spell6`, `spell7`, `spell8`, `PetSpellDataId`, `VehicleId`, `mingold`, `maxgold`, `AIName`, `MovementType`, `InhabitType`, `Health_mod`, `Mana_mod`, `Armor_mod`, `RacialLeader`, `questItem1`, `questItem2`, `questItem3`, `questItem4`, `questItem5`, `questItem6`, `movementId`, `RegenHealth`, `equipment_id`, `mechanic_immune_mask`, `flags_extra`, `ScriptName`, `WDBVerified`) VALUES
(1781, 0, 0, 0, 0, 0, 26773, 0, 0, 0, 'Skitterweb Lurker', NULL, NULL, 0, 11, 12, 0, 22, 22, 0, 1, 1, 1, 0, 17, 22, 0, 46, 1, 2000, 0, 1, 32768, 2048, 3, 0, 0, 0, 0, 11, 17, 0, 1, 1, 1781, 0, 0, 0, 0, 0, 0, 0, 0, 744, 0, 0, 0, 0, 0, 0, 0, 13160, 0, 0, 0, 'SmartAI', 1, 3, 1, 1, 1, 0, 3254, 0, 0, 0, 0, 0, 0, 1, 1781, 0, 0, '', 0);

-- Skitterweb Lurker - equip --
INSERT INTO `creature_equip_template` (`entry`, `equipentry1`, `equipentry2`, `equipentry3`) VALUES
(1781, 0, 0, 0);

-- Skitterweb Lurker - addon --
INSERT INTO `creature_template_addon` (`entry`, `path_id`, `mount`, `bytes1`, `bytes2`, `emote`, `auras`) VALUES
(1781, 0, 0, 0, 0, 0, '');

-- Skitterweb Lurker - SAI --
INSERT INTO `smart_scripts` (`entryorguid`, `source_type`, `id`, `link`, `event_type`, `event_phase_mask`, `event_chance`, `event_flags`, `event_param1`, `event_param2`, `event_param3`, `event_param4`, `action_type`, `action_param1`, `action_param2`, `action_param3`, `action_param4`, `action_param5`, `action_param6`, `target_type`, `target_param1`, `target_param2`, `target_param3`, `target_x`, `target_y`, `target_z`, `target_o`, `comment`) VALUES
(1781, 0, 0, 0, 2, 0, 100, 1, 5, 5, 0, 0, 80, 178100, 0, 1, 0, 0, 0, 1, 0, 0, 0, 0, 0, 0, 0, 'Skitterweb Lurker - call timed actionlist below 5% HP'),
(178100, 9, 0, 0, 0, 0, 100, 1, 0, 0, 0, 0, 11, 87080, 0, 0, 0, 0, 0, 1, 0, 0, 0, 0, 0, 0, 0, 'Skitterweb Lurker - cast Vanish'),
(178100, 9, 1, 0, 0, 0, 100, 1, 0, 0, 0, 0, 11, 82715, 0, 0, 0, 0, 0, 1, 0, 0, 0, 0, 0, 0, 0, 'Skitterweb Lurker - cast Flee into the Shadows');

-- Skitterweb Lurker - loot --
INSERT INTO `creature_loot_template` (`entry`, `item`, `ChanceOrQuestChance`, `lootmode`, `groupid`, `mincountOrRef`, `maxcount`) VALUES
(1781, 727, 0.05, 1, 0, 1, 1),
(1781, 818, 0.3, 1, 0, 1, 1),
(1781, 856, 0.05, 1, 0, 1, 1),
(1781, 1475, 0.1, 1, 0, 1, 1),
(1781, 1476, 82.1, 1, 0, 1, 1),
(1781, 1495, 0.2, 1, 0, 1, 1),
(1781, 1497, 0.2, 1, 0, 1, 1),
(1781, 1498, 0.2, 1, 0, 1, 1),
(1781, 1499, 0.2, 1, 0, 1, 1),
(1781, 1501, 0.2, 1, 0, 1, 1),
(1781, 1502, 0.2, 1, 0, 1, 1),
(1781, 1503, 0.3, 1, 0, 1, 1),
(1781, 1504, 0.2, 1, 0, 1, 1),
(1781, 1506, 0.3, 1, 0, 1, 1),
(1781, 1507, 0.2, 1, 0, 1, 1),
(1781, 1509, 0.3, 1, 0, 1, 1),
(1781, 1510, 0.3, 1, 0, 1, 1),
(1781, 1511, 0.4, 1, 0, 1, 1),
(1781, 1512, 0.3, 1, 0, 1, 1),
(1781, 1513, 0.1, 1, 0, 1, 1),
(1781, 1514, 0.3, 1, 0, 1, 1),
(1781, 1515, 0.3, 1, 0, 1, 1),
(1781, 1516, 0.3, 1, 0, 1, 1),
(1781, 1730, 0.2, 1, 0, 1, 1),
(1781, 1731, 0.2, 1, 0, 1, 1),
(1781, 1732, 0.2, 1, 0, 1, 1),
(1781, 1734, 0.1, 1, 0, 1, 1),
(1781, 1735, 0.1, 1, 0, 1, 1),
(1781, 1737, 0.1, 1, 0, 1, 1),
(1781, 2073, 0.05, 1, 0, 1, 1),
(1781, 2075, 0.05, 1, 0, 1, 1),
(1781, 2078, 0.03, 1, 0, -2078, 1),
(1781, 2079, 0.15, 1, 0, -2079, 1),
(1781, 2140, 0.2, 1, 0, 1, 1),
(1781, 2214, 0.1, 1, 0, 1, 1),
(1781, 2215, 0.1, 1, 0, 1, 1),
(1781, 2406, 0.05, 1, 0, 1, 1),
(1781, 2407, 0.05, 1, 0, 1, 1),
(1781, 2409, 0.0401, 1, 0, -2409, 1),
(1781, 2555, 0.05, 1, 0, 1, 1),
(1781, 2598, 0.05, 1, 0, 1, 1),
(1781, 2632, 0.05, 1, 0, 1, 1),
(1781, 2657, 0.05, 1, 0, 1, 1),
(1781, 2763, 0.4, 1, 0, 1, 1),
(1781, 2777, 0.2, 1, 0, 1, 1),
(1781, 2778, 0.3, 1, 0, 1, 1),
(1781, 2881, 0.05, 1, 0, 1, 1),
(1781, 2957, 0.05, 1, 0, 1, 1),
(1781, 2958, 0.05, 1, 0, 1, 1),
(1781, 2961, 0.1, 1, 0, 1, 1),
(1781, 2962, 0.05, 1, 0, 1, 1),
(1781, 2964, 0.05, 1, 0, 1, 1),
(1781, 2965, 0.1, 1, 0, 1, 1),
(1781, 2966, 0.05, 1, 0, 1, 1),
(1781, 2967, 0.05, 1, 0, 1, 1),
(1781, 2970, 0.5, 1, 0, -2970, 1),
(1781, 2971, 1.8, 1, 0, -2971, 1),
(1781, 2972, 0.05, 1, 0, 1, 1),
(1781, 2975, 0.05, 1, 0, 1, 1),
(1781, 2978, 0.05, 1, 0, 1, 1),
(1781, 2979, 0.05, 1, 0, 1, 1),
(1781, 3036, 0.05, 1, 0, 1, 1),
(1781, 3167, 16.8, 1, 0, 1, 1),
(1781, 3174, 0.5, 1, 0, 1, 1),
(1781, 3192, 0.2, 1, 0, 1, 1),
(1781, 3207, 0.05, 1, 0, 1, 1),
(1781, 3213, 0.1, 1, 0, 1, 1),
(1781, 3254, -1, 1, 0, 1, 1),
(1781, 3283, 0.83, 1, 0, -3283, 1),
(1781, 3374, 0.2, 1, 0, 1, 1),
(1781, 3375, 0.2, 1, 0, 1, 1),
(1781, 3609, 0.05, 1, 0, 1, 1),
(1781, 3610, 0.05, 1, 0, 1, 1),
(1781, 3643, 0.05, 1, 0, 1, 1),
(1781, 3651, 0.05, 1, 0, 1, 1),
(1781, 3652, 0.05, 1, 0, 1, 1),
(1781, 4293, 0.05, 1, 0, 1, 1),
(1781, 4561, 0.1, 1, 0, 1, 1),
(1781, 4562, 0.05, 1, 0, 1, 1),
(1781, 4564, 0.05, 1, 0, 1, 1),
(1781, 4566, 0.1, 1, 0, 1, 1),
(1781, 4569, 0.05, 1, 0, 1, 1),
(1781, 4570, 0.05, 1, 0, 1, 1),
(1781, 4577, 0.05, 1, 0, 1, 1),
(1781, 4677, 0.1, 1, 0, 1, 1),
(1781, 4678, 0.05, 1, 0, 1, 1),
(1781, 4683, 0.05, 1, 0, 1, 1),
(1781, 4684, 0.05, 1, 0, 1, 1),
(1781, 4689, 0.05, 1, 0, 1, 1),
(1781, 4690, 0.1, 1, 0, 1, 1),
(1781, 4701, 0.05, 1, 0, 1, 1),
(1781, 5069, 0.1, 1, 0, 1, 1),
(1781, 5071, 0.05, 1, 0, 1, 1),
(1781, 5465, 59.3, 1, 0, 1, 2),
(1781, 5574, 0.05, 1, 0, 1, 1),
(1781, 6266, 0.05, 1, 0, 1, 1),
(1781, 6267, 0.1, 1, 0, 1, 1),
(1781, 6268, 0.05, 1, 0, 1, 1),
(1781, 6269, 0.05, 1, 0, 1, 1),
(1781, 6271, 0.05, 1, 0, 1, 1),
(1781, 6336, 0.05, 1, 0, 1, 1),
(1781, 6337, 0.1, 1, 0, 1, 1),
(1781, 6342, 0.05, 1, 0, 1, 1),
(1781, 6506, 0.1, 1, 0, 1, 1),
(1781, 6507, 0.05, 1, 0, 1, 1),
(1781, 6509, 0.05, 1, 0, 1, 1),
(1781, 6510, 0.1, 1, 0, 1, 1),
(1781, 6511, 0.1, 1, 0, 1, 1),
(1781, 6512, 0.05, 1, 0, 1, 1),
(1781, 6513, 0.05, 1, 0, 1, 1),
(1781, 6514, 0.05, 1, 0, 1, 1),
(1781, 6515, 0.1, 1, 0, 1, 1),
(1781, 6517, 0.05, 1, 0, 1, 1),
(1781, 6518, 0.1, 1, 0, 1, 1),
(1781, 6519, 0.05, 1, 0, 1, 1),
(1781, 6521, 0.1, 1, 0, 1, 1),
(1781, 6542, 0.05, 1, 0, 1, 1),
(1781, 6543, 0.05, 1, 0, 1, 1),
(1781, 6549, 0.05, 1, 0, 1, 1),
(1781, 6550, 0.05, 1, 0, 1, 1),
(1781, 6555, 0.05, 1, 0, 1, 1),
(1781, 6558, 0.05, 1, 0, 1, 1),
(1781, 7108, 0.05, 1, 0, 1, 1),
(1781, 7288, 0.05, 1, 0, 1, 1),
(1781, 7350, 0.1, 1, 0, 1, 1),
(1781, 7351, 0.05, 1, 0, 1, 1),
(1781, 8178, 0.1, 1, 0, 1, 1),
(1781, 8180, 0.1, 1, 0, 1, 1),
(1781, 9742, 0.1, 1, 0, 1, 1),
(1781, 9743, 0.1, 1, 0, 1, 1),
(1781, 9744, 0.1, 1, 0, 1, 1),
(1781, 9745, 0.1, 1, 0, 1, 1),
(1781, 9746, 0.05, 1, 0, 1, 1),
(1781, 9747, 0.05, 1, 0, 1, 1),
(1781, 9750, 0.05, 1, 0, 1, 1),
(1781, 9751, 0.1, 1, 0, 1, 1),
(1781, 9752, 0.1, 1, 0, 1, 1),
(1781, 9753, 0.05, 1, 0, 1, 1),
(1781, 9754, 0.2, 1, 0, 1, 1),
(1781, 9755, 0.05, 1, 0, 1, 1),
(1781, 9756, 0.05, 1, 0, 1, 1),
(1781, 9757, 0.05, 1, 0, 1, 1),
(1781, 9758, 0.1, 1, 0, 1, 1),
(1781, 9759, 0.05, 1, 0, 1, 1),
(1781, 9760, 0.1, 1, 0, 1, 1),
(1781, 9761, 0.1, 1, 0, 1, 1),
(1781, 9762, 0.05, 1, 0, 1, 1),
(1781, 9763, 0.05, 1, 0, 1, 1),
(1781, 9764, 0.05, 1, 0, 1, 1),
(1781, 9765, 0.05, 1, 0, 1, 1),
(1781, 15268, 0.05, 1, 0, 1, 1),
(1781, 15925, 0.05, 1, 0, 1, 1),
(1781, 15932, 0.05, 1, 0, 1, 1),
(1781, 15933, 0.05, 1, 0, 1, 1),
(1781, 22644, 30.7, 1, 0, 1, 1);

-- Skitterweb Lurker - spawns --
INSERT INTO `creature` (`guid`, `id`, `map`, `spawnMask`, `phaseMask`, `modelid`, `equipment_id`, `position_x`, `position_y`, `position_z`, `orientation`, `spawntimesecs`, `spawndist`, `currentwaypoint`, `curhealth`, `curmana`, `DeathState`, `MovementType`, `npcflag`, `unit_flags`, `dynamicflags`) VALUES
(NULL, 1781, 0, 1, 1, 0, 0, 1388.26, 2000.17, 16.6558, 5.48071, 300, 0, 0, 0, 0, 0, 0, 0, 0, 0),
(NULL, 1781, 0, 1, 1, 0, 0, 1394.43, 2011.66, 15.8084, 3.21808, 300, 0, 0, 0, 0, 0, 0, 0, 0, 0),
(NULL, 1781, 0, 1, 1, 0, 0, 1409.5, 2008.33, 14.2523, 4.24892, 300, 0, 0, 0, 0, 0, 0, 0, 0, 0),
(NULL, 1781, 0, 1, 1, 0, 0, 1415.88, 1937.64, 10.3177, 4.37771, 300, 0, 0, 0, 0, 0, 0, 0, 0, 0),
(NULL, 1781, 0, 1, 1, 0, 0, 1438.19, 1944.46, 12.8004, 2.60436, 300, 0, 0, 0, 0, 0, 0, 0, 0, 0),
(NULL, 1781, 0, 1, 1, 0, 0, 1433.05, 2002.04, 11.5301, 0.973342, 300, 0, 0, 0, 0, 0, 0, 0, 0, 0),
(NULL, 1781, 0, 1, 1, 0, 0, 1446.94, 1990.08, 11.0784, 0.648325, 300, 0, 0, 0, 0, 0, 0, 0, 0, 0),
(NULL, 1781, 0, 1, 1, 0, 0, 1433.58, 1967.75, 12.6362, 3.81089, 300, 0, 0, 0, 0, 0, 0, 0, 0, 0),
(NULL, 1781, 0, 1, 1, 0, 0, 1418.55, 1962, 14.0876, 5.99553, 300, 0, 0, 0, 0, 0, 0, 0, 0, 0),
(NULL, 1781, 0, 1, 1, 0, 0, 1425.25, 1942.41, 8.87307, 3.8646, 300, 0, 0, 0, 0, 0, 0, 0, 0, 0),
(NULL, 1781, 0, 1, 1, 0, 0, 1390.68, 1976.36, 18.5118, 4.4781, 300, 0, 0, 0, 0, 0, 0, 0, 0, 0),
(NULL, 1781, 0, 1, 1, 0, 0, 1380.4, 1992.43, 17.9904, 1.5239, 300, 0, 0, 0, 0, 0, 0, 0, 0, 0),
(NULL, 1781, 0, 1, 1, 0, 0, 1396.89, 1970, 18.2535, 4.15763, 300, 0, 0, 0, 0, 0, 0, 0, 0, 0),
(NULL, 1781, 0, 1, 1, 0, 0, 1375.92, 1965.52, 14.337, 2.33496, 300, 0, 0, 0, 0, 0, 0, 0, 0, 0),
(NULL, 1781, 0, 1, 1, 0, 0, 1363.66, 1963.45, 13.2481, 4.82929, 300, 0, 0, 0, 0, 0, 0, 0, 0, 0),
(NULL, 1781, 0, 1, 1, 0, 0, 1372.14, 1957.79, 13.4641, 1.06032, 300, 0, 0, 0, 0, 0, 0, 0, 0, 0),
(NULL, 1781, 0, 1, 1, 0, 0, 1378.12, 1976.69, 13.9847, 2.93972, 300, 0, 0, 0, 0, 0, 0, 0, 0, 0),
(NULL, 1781, 0, 1, 1, 0, 0, 1385.26, 1968.33, 14.5251, 0.237459, 300, 0, 0, 0, 0, 0, 0, 0, 0, 0),
(NULL, 1781, 0, 1, 1, 0, 0, 1341.72, 1959.05, 13.4341, 5.12549, 300, 0, 0, 0, 0, 0, 0, 0, 0, 0),
(NULL, 1781, 0, 1, 1, 0, 0, 1345.53, 1975.56, 14.5076, 3.24619, 300, 0, 0, 0, 0, 0, 0, 0, 0, 0),
(NULL, 1781, 0, 1, 1, 0, 0, 1379.48, 1991.02, 18.1608, 2.15734, 300, 0, 0, 0, 0, 0, 0, 0, 0, 0),
(NULL, 1781, 0, 1, 1, 0, 0, 1272.92, 1924.65, 17.475, 5.66216, 300, 0, 0, 0, 0, 0, 0, 0, 0, 0),
(NULL, 1781, 0, 1, 1, 0, 0, 1227.36, 2025.06, 9.54133, 0.20287, 300, 0, 0, 0, 0, 0, 0, 0, 0, 0),
(NULL, 1781, 0, 1, 1, 0, 0, 1152.89, 1853.41, 26.6158, 4.2649, 300, 0, 0, 0, 0, 0, 0, 0, 0, 0),
(NULL, 1781, 0, 1, 1, 0, 0, 1157.09, 1898.72, 19.9863, 2.94113, 300, 0, 0, 0, 0, 0, 0, 0, 0, 0),
(NULL, 1781, 0, 1, 1, 0, 0, 1312.95, 1964.27, 15.4093, 3.56517, 300, 0, 0, 0, 0, 0, 0, 0, 0, 0),
(NULL, 1781, 0, 1, 1, 0, 0, 1237.13, 1887.93, 11.8299, 5.1192, 300, 0, 0, 0, 0, 0, 0, 0, 0, 0),
(NULL, 1781, 0, 1, 1, 0, 0, 1195.04, 1854.71, 18.7422, 1.52628, 300, 0, 0, 0, 0, 0, 0, 0, 0, 0),
(NULL, 1781, 0, 1, 1, 0, 0, 1194.63, 1894.16, 13.0546, 4.6341, 300, 0, 0, 0, 0, 0, 0, 0, 0, 0),
(NULL, 1781, 0, 1, 1, 0, 0, 1281.24, 1972.76, 18.13, 3.13193, 300, 0, 0, 0, 0, 0, 0, 0, 0, 0),
(NULL, 1781, 0, 1, 1, 0, 0, 1275.18, 1840.74, 18.9983, 4.47097, 300, 0, 0, 0, 0, 0, 0, 0, 0, 0),
(NULL, 1781, 0, 1, 1, 0, 0, 1365.59, 1992.34, 16.6723, 3.2267, 300, 0, 0, 0, 0, 0, 0, 0, 0, 0),
(NULL, 1781, 0, 1, 1, 0, 0, 1186.71, 2024.85, 8.98312, 3.71551, 300, 0, 0, 0, 0, 0, 0, 0, 0, 0);


-- -- -- -- -- -- -- -- -- -- -- -- --
-- Skitterweb Matriarch (ID: 44906) --
-- -- -- -- -- -- -- -- -- -- -- -- --

-- Skitterweb Matriarch - new template --
INSERT INTO `creature_template` (`entry`, `difficulty_entry_1`, `difficulty_entry_2`, `difficulty_entry_3`, `KillCredit1`, `KillCredit2`, `modelid1`, `modelid2`, `modelid3`, `modelid4`, `name`, `subname`, `IconName`, `gossip_menu_id`, `minlevel`, `maxlevel`, `exp`, `faction_A`, `faction_H`, `npcflag`, `speed_walk`, `speed_run`, `scale`, `rank`, `mindmg`, `maxdmg`, `dmgschool`, `attackpower`, `dmg_multiplier`, `baseattacktime`, `rangeattacktime`, `unit_class`, `unit_flags`, `dynamicflags`, `family`, `trainer_type`, `trainer_spell`, `trainer_class`, `trainer_race`, `minrangedmg`, `maxrangedmg`, `rangedattackpower`, `type`, `type_flags`, `lootid`, `pickpocketloot`, `skinloot`, `resistance1`, `resistance2`, `resistance3`, `resistance4`, `resistance5`, `resistance6`, `spell1`, `spell2`, `spell3`, `spell4`, `spell5`, `spell6`, `spell7`, `spell8`, `PetSpellDataId`, `VehicleId`, `mingold`, `maxgold`, `AIName`, `MovementType`, `InhabitType`, `Health_mod`, `Mana_mod`, `Armor_mod`, `RacialLeader`, `questItem1`, `questItem2`, `questItem3`, `questItem4`, `questItem5`, `questItem6`, `movementId`, `RegenHealth`, `equipment_id`, `mechanic_immune_mask`, `flags_extra`, `ScriptName`, `WDBVerified`) VALUES
(44906, 0, 0, 0, 0, 0, 34168, 0, 0, 0, 'Skitterweb Matriarch', '', '', 0, 13, 13, 0, 22, 22, 3, 1, 1, 1, 0, 18, 24, 0, 48, 1, 2000, 0, 1, 32832, 2048, 3, 0, 0, 0, 0, 12, 18, 1, 1, 1, 44906, 0, 0, 0, 0, 0, 0, 0, 0, 0, 0, 0, 0, 0, 0, 0, 0, 0, 0, 0, 0, '', 0, 3, 2, 1, 1, 0, 3254, 0, 0, 0, 0, 0, 0, 1, 44906, 0, 0, '', 1);

-- Skitterweb Matriarch - equip --
INSERT INTO `creature_equip_template` (`entry`, `equipentry1`, `equipentry2`, `equipentry3`) VALUES
(44906, 0, 0, 0);

-- Skitterweb Matriarch - addon --
INSERT INTO `creature_template_addon` (`entry`, `path_id`, `mount`, `bytes1`, `bytes2`, `emote`, `auras`) VALUES
(44906, 0, 0, 0, 0, 0, '');

-- Skitterweb Matriarch - SAI --

-- Skitterweb Matriarch - loot --
INSERT INTO `creature_loot_template` (`entry`, `item`, `ChanceOrQuestChance`, `lootmode`, `groupid`, `mincountOrRef`, `maxcount`) VALUES
(44906, 1476, 82.2, 1, 0, 1, 1),
(44906, 1495, 0.1, 1, 0, 1, 1),
(44906, 1497, 0.1, 1, 0, 1, 1),
(44906, 1498, 0.3, 1, 0, 1, 1),
(44906, 1499, 0.1, 1, 0, 1, 1),
(44906, 1501, 0.2, 1, 0, 1, 1),
(44906, 1502, 0.2, 1, 0, 1, 1),
(44906, 1503, 0.2, 1, 0, 1, 1),
(44906, 1504, 0.1, 1, 0, 1, 1),
(44906, 1506, 0.1, 1, 0, 1, 1),
(44906, 1507, 0.2, 1, 0, 1, 1),
(44906, 1509, 0.2, 1, 0, 1, 1),
(44906, 1510, 0.1, 1, 0, 1, 1),
(44906, 1511, 0.2, 1, 0, 1, 1),
(44906, 1512, 0.1, 1, 0, 1, 1),
(44906, 1513, 0.2, 1, 0, 1, 1),
(44906, 1514, 0.2, 1, 0, 1, 1),
(44906, 1515, 0.2, 1, 0, 1, 1),
(44906, 1516, 0.1, 1, 0, 1, 1),
(44906, 1730, 0.1, 1, 0, 1, 1),
(44906, 1731, 0.1, 1, 0, 1, 1),
(44906, 1732, 0.1, 1, 0, 1, 1),
(44906, 1734, 1.6, 1, 0, 1, 1),
(44906, 1735, 0.1, 1, 0, 1, 1),
(44906, 1737, 0.1, 1, 0, 1, 1),
(44906, 2073, 0.1, 1, 0, 1, 1),
(44906, 2214, 0.2, 1, 0, 1, 1),
(44906, 2215, 0.4, 1, 0, 1, 1),
(44906, 2409, 0.05, 1, 0, 1, 1),
(44906, 2632, 0.1, 1, 0, 1, 1),
(44906, 2657, 0.05, 1, 0, 1, 1),
(44906, 2777, 0.3, 1, 0, 1, 1),
(44906, 2778, 0.3, 1, 0, 1, 1),
(44906, 2972, 0.1, 1, 0, 1, 1),
(44906, 2974, 0.05, 1, 0, 1, 1),
(44906, 2978, 0.1, 1, 0, 1, 1),
(44906, 2980, 0.05, 1, 0, 1, 1),
(44906, 3036, 0.05, 1, 0, 1, 1),
(44906, 3167, 17.6, 1, 0, 1, 1),
(44906, 3192, 0.05, 1, 0, 1, 1),
(44906, 3207, 0.05, 1, 0, 1, 1),
(44906, 3213, 0.2, 1, 0, 1, 1),
(44906, 3374, 0.2, 1, 0, 1, 1),
(44906, 3375, 0.1, 1, 0, 1, 1),
(44906, 3651, 0.1, 1, 0, 1, 1),
(44906, 3652, 0.1, 1, 0, 1, 1),
(44906, 4408, 0.05, 1, 0, 1, 1),
(44906, 4564, 0.1, 1, 0, 1, 1),
(44906, 4566, 0.05, 1, 0, 1, 1),
(44906, 4577, 0.05, 1, 0, 1, 1),
(44906, 4677, 0.1, 1, 0, 1, 1),
(44906, 4684, 0.3, 1, 0, 1, 1),
(44906, 4689, 0.3, 1, 0, 1, 1),
(44906, 4690, 0.3, 1, 0, 1, 1),
(44906, 5069, 0.1, 1, 0, 1, 1),
(44906, 5465, 62.6, 1, 0, 1, 1),
(44906, 6266, 0.1, 1, 0, 1, 1),
(44906, 6267, 0.05, 1, 0, 1, 1),
(44906, 6268, 0.1, 1, 0, 1, 1),
(44906, 6269, 0.1, 1, 0, 1, 1),
(44906, 6271, 0.1, 1, 0, 1, 1),
(44906, 6337, 0.1, 1, 0, 1, 1),
(44906, 6342, 0.1, 1, 0, 1, 1),
(44906, 6380, 0.1, 1, 0, 1, 1),
(44906, 6512, 0.05, 1, 0, 1, 1),
(44906, 6543, 0.05, 1, 0, 1, 1),
(44906, 6549, 0.05, 1, 0, 1, 1),
(44906, 6557, 0.05, 1, 0, 1, 1),
(44906, 9742, 0.1, 1, 0, 1, 1),
(44906, 9744, 0.05, 1, 0, 1, 1),
(44906, 9746, 0.05, 1, 0, 1, 1),
(44906, 9747, 0.05, 1, 0, 1, 1),
(44906, 9750, 0.1, 1, 0, 1, 1),
(44906, 9751, 0.1, 1, 0, 1, 1),
(44906, 9752, 0.05, 1, 0, 1, 1),
(44906, 9755, 0.05, 1, 0, 1, 1),
(44906, 9756, 0.05, 1, 0, 1, 1),
(44906, 9757, 0.05, 1, 0, 1, 1),
(44906, 9759, 0.05, 1, 0, 1, 1),
(44906, 9760, 0.05, 1, 0, 1, 1),
(44906, 9762, 0.05, 1, 0, 1, 1),
(44906, 9763, 0.05, 1, 0, 1, 1),
(44906, 9764, 0.05, 1, 0, 1, 1),
(44906, 15268, 0.1, 1, 0, 1, 1),
(44906, 15925, 0.1, 1, 0, 1, 1),
(44906, 22644, 27.9, 1, 0, 1, 1);

-- Skitterweb Matriarch - spawns --
INSERT INTO `creature` (`guid`, `id`, `map`, `spawnMask`, `phaseMask`, `modelid`, `equipment_id`, `position_x`, `position_y`, `position_z`, `orientation`, `spawntimesecs`, `spawndist`, `currentwaypoint`, `curhealth`, `curmana`, `DeathState`, `MovementType`, `npcflag`, `unit_flags`, `dynamicflags`) VALUES
(NULL, 44906, 0, 1, 1, 0, 0, 1420.02, 1937, 19.4088, 0.820305, 300, 0, 0, 0, 0, 0, 0, 0, 0, 0);


-- -- -- -- -- -- -- -- -- -- -- -- -- --
-- Skitterweb Spiderling   (ID: 46751) --
-- -- -- -- -- -- -- -- -- -- -- -- -- --

-- Skitterweb Spiderling - new template --
INSERT INTO `creature_template` (`entry`, `difficulty_entry_1`, `difficulty_entry_2`, `difficulty_entry_3`, `KillCredit1`, `KillCredit2`, `modelid1`, `modelid2`, `modelid3`, `modelid4`, `name`, `subname`, `IconName`, `gossip_menu_id`, `minlevel`, `maxlevel`, `exp`, `faction_A`, `faction_H`, `npcflag`, `speed_walk`, `speed_run`, `scale`, `rank`, `mindmg`, `maxdmg`, `dmgschool`, `attackpower`, `dmg_multiplier`, `baseattacktime`, `rangeattacktime`, `unit_class`, `unit_flags`, `dynamicflags`, `family`, `trainer_type`, `trainer_spell`, `trainer_class`, `trainer_race`, `minrangedmg`, `maxrangedmg`, `rangedattackpower`, `type`, `type_flags`, `lootid`, `pickpocketloot`, `skinloot`, `resistance1`, `resistance2`, `resistance3`, `resistance4`, `resistance5`, `resistance6`, `spell1`, `spell2`, `spell3`, `spell4`, `spell5`, `spell6`, `spell7`, `spell8`, `PetSpellDataId`, `VehicleId`, `mingold`, `maxgold`, `AIName`, `MovementType`, `InhabitType`, `Health_mod`, `Mana_mod`, `Armor_mod`, `RacialLeader`, `questItem1`, `questItem2`, `questItem3`, `questItem4`, `questItem5`, `questItem6`, `movementId`, `RegenHealth`, `equipment_id`, `mechanic_immune_mask`, `flags_extra`, `ScriptName`, `WDBVerified`) VALUES
(46751, 0, 0, 0, 1781, 0, 34171, 34169, 0, 0, 'Skitterweb Spiderling', NULL, NULL, 0, 1, 1, 0, 22, 22, 0, 1, 1.14286, 1, 0, 2, 2, 0, 24, 1, 0, 0, 1, 0, 0, 3, 0, 0, 0, 0, 1, 1, 0, 1, 1, 0, 0, 0, 0, 0, 0, 0, 0, 0, 0, 0, 0, 0, 0, 0, 0, 0, 0, 0, 0, 0, 'SmartAI', 0, 3, 0.05, 1, 1, 0, 0, 0, 0, 0, 0, 0, 0, 1, 0, 0, 0, '', 0);

-- Skitterweb Striker - equip --
INSERT INTO `creature_equip_template` (`entry`, `equipentry1`, `equipentry2`, `equipentry3`) VALUES
(46751, 0, 0, 0);

-- Skitterweb Striker - addon --
INSERT INTO `creature_template_addon` (`entry`, `path_id`, `mount`, `bytes1`, `bytes2`, `emote`, `auras`) VALUES
(46751, 0, 0, 0, 0, 0, '');


-- -- -- -- -- -- -- -- -- -- -- --
-- Skitterweb Striker (ID: 1780) --
-- -- -- -- -- -- -- -- -- -- -- --

-- Skitterweb Striker - new template --
INSERT INTO `creature_template` (`entry`, `difficulty_entry_1`, `difficulty_entry_2`, `difficulty_entry_3`, `KillCredit1`, `KillCredit2`, `modelid1`, `modelid2`, `modelid3`, `modelid4`, `name`, `subname`, `IconName`, `gossip_menu_id`, `minlevel`, `maxlevel`, `exp`, `faction_A`, `faction_H`, `npcflag`, `speed_walk`, `speed_run`, `scale`, `rank`, `mindmg`, `maxdmg`, `dmgschool`, `attackpower`, `dmg_multiplier`, `baseattacktime`, `rangeattacktime`, `unit_class`, `unit_flags`, `dynamicflags`, `family`, `trainer_type`, `trainer_spell`, `trainer_class`, `trainer_race`, `minrangedmg`, `maxrangedmg`, `rangedattackpower`, `type`, `type_flags`, `lootid`, `pickpocketloot`, `skinloot`, `resistance1`, `resistance2`, `resistance3`, `resistance4`, `resistance5`, `resistance6`, `spell1`, `spell2`, `spell3`, `spell4`, `spell5`, `spell6`, `spell7`, `spell8`, `PetSpellDataId`, `VehicleId`, `mingold`, `maxgold`, `AIName`, `MovementType`, `InhabitType`, `Health_mod`, `Mana_mod`, `Armor_mod`, `RacialLeader`, `questItem1`, `questItem2`, `questItem3`, `questItem4`, `questItem5`, `questItem6`, `movementId`, `RegenHealth`, `equipment_id`, `mechanic_immune_mask`, `flags_extra`, `ScriptName`, `WDBVerified`) VALUES
(1780, 0, 0, 0, 1781, 0, 34167, 0, 0, 0, 'Skitterweb Striker', NULL, NULL, 0, 11, 12, 0, 22, 22, 0, 1, 1, 1, 0, 17, 22, 0, 46, 1, 2000, 0, 1, 0, 2048, 3, 0, 0, 0, 0, 11, 17, 0, 1, 1, 1780, 0, 0, 0, 0, 0, 0, 0, 0, 744, 0, 0, 0, 0, 0, 0, 0, 13155, 0, 0, 0, 'SmartAI', 1, 3, 1, 1, 1, 0, 3254, 0, 0, 0, 0, 0, 0, 1, 1780, 0, 0, '', 0);

-- Skitterweb Striker - equip --
INSERT INTO `creature_equip_template` (`entry`, `equipentry1`, `equipentry2`, `equipentry3`) VALUES
(1780, 0, 0, 0);

-- Skitterweb Striker - addon --
INSERT INTO `creature_template_addon` (`entry`, `path_id`, `mount`, `bytes1`, `bytes2`, `emote`, `auras`) VALUES
(1780, 0, 0, 0, 0, 0, '');

-- Skitterweb Striker - SAI --
INSERT INTO `smart_scripts` (`entryorguid`, `source_type`, `id`, `link`, `event_type`, `event_phase_mask`, `event_chance`, `event_flags`, `event_param1`, `event_param2`, `event_param3`, `event_param4`, `action_type`, `action_param1`, `action_param2`, `action_param3`, `action_param4`, `action_param5`, `action_param6`, `target_type`, `target_param1`, `target_param2`, `target_param3`, `target_x`, `target_y`, `target_z`, `target_o`, `comment`) VALUES
(1780, 0, 0, 0, 0, 0, 100, 0, 2000, 3000, 6000, 8000, 11, 87081, 0, 0, 0, 0, 0, 2, 0, 0, 0, 0, 0, 0, 0, 'Skitterweb Striker - cast Strike'),
(1780, 0, 1, 0, 0, 0, 100, 0, 1000, 1000, 20000, 20000, 11, 13884, 0, 0, 0, 0, 0, 2, 0, 0, 0, 0, 0, 0, 0, 'Skitterweb Striker - cast Withering Poison');

-- Skitterweb Striker - loot --
INSERT INTO `creature_loot_template` (`entry`, `item`, `ChanceOrQuestChance`, `lootmode`, `groupid`, `mincountOrRef`, `maxcount`) VALUES
(1780, 727, 0.05, 1, 0, 1, 1),
(1780, 818, 0.5, 1, 0, 1, 1),
(1780, 1475, 0.4, 1, 0, 1, 1),
(1780, 1476, 77, 1, 0, 1, 1),
(1780, 1495, 0.2, 1, 0, 1, 1),
(1780, 1497, 0.2, 1, 0, 1, 1),
(1780, 1498, 0.2, 1, 0, 1, 1),
(1780, 1499, 0.1, 1, 0, 1, 1),
(1780, 1501, 0.2, 1, 0, 1, 1),
(1780, 1502, 0.2, 1, 0, 1, 1),
(1780, 1503, 0.2, 1, 0, 1, 1),
(1780, 1504, 0.2, 1, 0, 1, 1),
(1780, 1506, 0.2, 1, 0, 1, 1),
(1780, 1507, 0.1, 1, 0, 1, 1),
(1780, 1509, 0.1, 1, 0, 1, 1),
(1780, 1510, 0.6, 1, 0, 1, 1),
(1780, 1511, 0.2, 1, 0, 1, 1),
(1780, 1512, 0.1, 1, 0, 1, 1),
(1780, 1513, 0.3, 1, 0, 1, 1),
(1780, 1514, 0.3, 1, 0, 1, 1),
(1780, 1515, 0.2, 1, 0, 1, 1),
(1780, 1516, 0.2, 1, 0, 1, 1),
(1780, 1730, 0.3, 1, 0, 1, 1),
(1780, 1731, 0.1, 1, 0, 1, 1),
(1780, 1732, 0.1, 1, 0, 1, 1),
(1780, 1734, 0.2, 1, 0, 1, 1),
(1780, 1735, 0.2, 1, 0, 1, 1),
(1780, 1737, 0.1, 1, 0, 1, 1),
(1780, 2073, 0.05, 1, 0, 1, 1),
(1780, 2075, 0.1, 1, 0, 1, 1),
(1780, 2140, 0.1, 1, 0, 1, 1),
(1780, 2214, 0.3, 1, 0, 1, 1),
(1780, 2215, 0.1, 1, 0, 1, 1),
(1780, 2406, 0.05, 1, 0, 1, 1),
(1780, 2407, 0.05, 1, 0, 1, 1),
(1780, 2408, 0.05, 1, 0, 1, 1),
(1780, 2409, 0.0422, 1, 0, -2409, 1),
(1780, 2553, 0.05, 1, 0, 1, 1),
(1780, 2598, 0.05, 1, 0, 1, 1),
(1780, 2632, 0.1, 1, 0, 1, 1),
(1780, 2657, 0.05, 1, 0, 1, 1),
(1780, 2763, 0.3, 1, 0, 1, 1),
(1780, 2777, 0.4, 1, 0, 1, 1),
(1780, 2778, 0.3, 1, 0, 1, 1),
(1780, 2957, 0.05, 1, 0, 1, 1),
(1780, 2958, 0.05, 1, 0, 1, 1),
(1780, 2961, 0.05, 1, 0, 1, 1),
(1780, 2964, 0.05, 1, 0, 1, 1),
(1780, 2965, 0.05, 1, 0, 1, 1),
(1780, 2966, 0.1, 1, 0, 1, 1),
(1780, 2967, 0.05, 1, 0, 1, 1),
(1780, 2970, 0.22, 1, 0, -2970, 1),
(1780, 2971, 1.8, 1, 0, -2971, 1),
(1780, 2972, 0.05, 1, 0, 1, 1),
(1780, 2975, 0.05, 1, 0, 1, 1),
(1780, 2979, 0.05, 1, 0, 1, 1),
(1780, 2980, 0.05, 1, 0, 1, 1),
(1780, 3167, 17.8, 1, 0, 1, 1),
(1780, 3174, 2.5, 1, 0, 1, 1),
(1780, 3192, 0.1, 1, 0, 1, 1),
(1780, 3207, 0.05, 1, 0, 1, 1),
(1780, 3213, 0.7, 1, 0, -3213, 1),
(1780, 3254, -3, 1, 0, 1, 1),
(1780, 3283, 0.64, 1, 0, -3283, 1),
(1780, 3374, 0.2, 1, 0, 1, 1),
(1780, 3375, 0.2, 1, 0, 1, 1),
(1780, 3609, 0.05, 1, 0, 1, 1),
(1780, 3643, 0.05, 1, 0, 1, 1),
(1780, 3651, 0.05, 1, 0, 1, 1),
(1780, 4293, 0.05, 1, 0, 1, 1),
(1780, 4408, 0.05, 1, 0, 1, 1),
(1780, 4409, 0.05, 1, 0, 1, 1),
(1780, 4561, 0.1, 1, 0, 1, 1),
(1780, 4562, 0.1, 1, 0, 1, 1),
(1780, 4564, 0.1, 1, 0, 1, 1),
(1780, 4566, 0.1, 1, 0, 1, 1),
(1780, 4569, 0.1, 1, 0, 1, 1),
(1780, 4570, 0.05, 1, 0, 1, 1),
(1780, 4577, 0.1, 1, 0, 1, 1),
(1780, 4677, 0.1, 1, 0, 1, 1),
(1780, 4678, 0.05, 1, 0, 1, 1),
(1780, 4683, 0.1, 1, 0, 1, 1),
(1780, 4684, 0.05, 1, 0, 1, 1),
(1780, 4689, 0.05, 1, 0, 1, 1),
(1780, 4690, 0.1, 1, 0, 1, 1),
(1780, 5069, 0.1, 1, 0, 1, 1),
(1780, 5071, 0.05, 1, 0, 1, 1),
(1780, 5465, 61, 1, 0, 1, 2),
(1780, 5573, 0.05, 1, 0, 1, 1),
(1780, 5574, 0.3, 1, 0, -5574, 1),
(1780, 6266, 0.05, 1, 0, 1, 1),
(1780, 6267, 0.1, 1, 0, 1, 1),
(1780, 6268, 0.05, 1, 0, 1, 1),
(1780, 6269, 0.1, 1, 0, 1, 1),
(1780, 6271, 0.05, 1, 0, 1, 1),
(1780, 6336, 0.1, 1, 0, 1, 1),
(1780, 6337, 0.1, 1, 0, 1, 1),
(1780, 6344, 0.05, 1, 0, 1, 1),
(1780, 6506, 0.1, 1, 0, 1, 1),
(1780, 6507, 0.05, 1, 0, 1, 1),
(1780, 6509, 0.05, 1, 0, 1, 1),
(1780, 6510, 0.05, 1, 0, 1, 1),
(1780, 6511, 0.05, 1, 0, 1, 1),
(1780, 6512, 0.1, 1, 0, 1, 1),
(1780, 6513, 0.05, 1, 0, 1, 1),
(1780, 6514, 0.05, 1, 0, 1, 1),
(1780, 6515, 0.1, 1, 0, 1, 1),
(1780, 6517, 0.05, 1, 0, 1, 1),
(1780, 6518, 0.1, 1, 0, 1, 1),
(1780, 6519, 0.05, 1, 0, 1, 1),
(1780, 6521, 0.1, 1, 0, 1, 1),
(1780, 6542, 0.05, 1, 0, 1, 1),
(1780, 6543, 0.05, 1, 0, 1, 1),
(1780, 6549, 0.05, 1, 0, 1, 1),
(1780, 6550, 0.05, 1, 0, 1, 1),
(1780, 6555, 0.05, 1, 0, 1, 1),
(1780, 6557, 0.05, 1, 0, 1, 1),
(1780, 6558, 0.1, 1, 0, 1, 1),
(1780, 7108, 0.05, 1, 0, 1, 1),
(1780, 7350, 0.05, 1, 0, 1, 1),
(1780, 7351, 0.1, 1, 0, 1, 1),
(1780, 8178, 0.05, 1, 0, 1, 1),
(1780, 8180, 0.1, 1, 0, 1, 1),
(1780, 9742, 0.1, 1, 0, 1, 1),
(1780, 9743, 0.1, 1, 0, 1, 1),
(1780, 9744, 0.1, 1, 0, 1, 1),
(1780, 9745, 0.1, 1, 0, 1, 1),
(1780, 9746, 0.1, 1, 0, 1, 1),
(1780, 9747, 0.1, 1, 0, 1, 1),
(1780, 9748, 0.05, 1, 0, 1, 1),
(1780, 9749, 0.05, 1, 0, 1, 1),
(1780, 9750, 0.1, 1, 0, 1, 1),
(1780, 9751, 0.1, 1, 0, 1, 1),
(1780, 9752, 0.1, 1, 0, 1, 1),
(1780, 9753, 0.05, 1, 0, 1, 1),
(1780, 9754, 0.1, 1, 0, 1, 1),
(1780, 9755, 0.05, 1, 0, 1, 1),
(1780, 9756, 0.05, 1, 0, 1, 1),
(1780, 9757, 0.05, 1, 0, 1, 1),
(1780, 9758, 0.05, 1, 0, 1, 1),
(1780, 9759, 0.05, 1, 0, 1, 1),
(1780, 9760, 0.1, 1, 0, 1, 1),
(1780, 9761, 0.05, 1, 0, 1, 1),
(1780, 9762, 0.05, 1, 0, 1, 1),
(1780, 9763, 0.05, 1, 0, 1, 1),
(1780, 9764, 0.05, 1, 0, 1, 1),
(1780, 15925, 0.05, 1, 0, 1, 1),
(1780, 15932, 0.05, 1, 0, 1, 1),
(1780, 15933, 0.1, 1, 0, 1, 1),
(1780, 22644, 29.9, 1, 0, 1, 1);

-- Skitterweb Striker - spawns --
INSERT INTO `creature` (`guid`, `id`, `map`, `spawnMask`, `phaseMask`, `modelid`, `equipment_id`, `position_x`, `position_y`, `position_z`, `orientation`, `spawntimesecs`, `spawndist`, `currentwaypoint`, `curhealth`, `curmana`, `DeathState`, `MovementType`, `npcflag`, `unit_flags`, `dynamicflags`) VALUES
(NULL, 1780, 0, 1, 1, 0, 0, 1310.57, 1988.27, 14.2705, 0.273908, 300, 0, 0, 0, 0, 0, 0, 0, 0, 0),
(NULL, 1780, 0, 1, 1, 0, 0, 1312.86, 1984.43, 14.0761, 4.24556, 300, 0, 0, 0, 0, 0, 0, 0, 0, 0),
(NULL, 1780, 0, 1, 1, 0, 0, 1260.01, 1977.84, 16.4491, 4.16876, 300, 0, 0, 0, 0, 0, 0, 0, 0, 0),
(NULL, 1780, 0, 1, 1, 0, 0, 1240.55, 2014.81, 13.7392, 2.11356, 300, 0, 0, 0, 0, 0, 0, 0, 0, 0),
(NULL, 1780, 0, 1, 1, 0, 0, 1221.11, 1887.73, 11.5197, 5.95613, 300, 0, 0, 0, 0, 0, 0, 0, 0, 0),
(NULL, 1780, 0, 1, 1, 0, 0, 1245.92, 1951.19, 12.3655, 4.71969, 300, 0, 0, 0, 0, 0, 0, 0, 0, 0),
(NULL, 1780, 0, 1, 1, 0, 0, 1248.04, 1919.41, 13.3078, 5.15477, 300, 0, 0, 0, 0, 0, 0, 0, 0, 0),
(NULL, 1780, 0, 1, 1, 0, 0, 1272.14, 1932.78, 15.725, 1.58952, 300, 0, 0, 0, 0, 0, 0, 0, 0, 0),
(NULL, 1780, 0, 1, 1, 0, 0, 1282.84, 1942.04, 16.1744, 0.608538, 300, 0, 0, 0, 0, 0, 0, 0, 0, 0),
(NULL, 1780, 0, 1, 1, 0, 0, 1270.67, 1953.39, 15.1186, 2.16097, 300, 0, 0, 0, 0, 0, 0, 0, 0, 0),
(NULL, 1780, 0, 1, 1, 0, 0, 1300.42, 1957.1, 19.0124, 4.3395, 300, 0, 0, 0, 0, 0, 0, 0, 0, 0),
(NULL, 1780, 0, 1, 1, 0, 0, 1317.13, 1963.29, 15.2581, 4.12758, 300, 0, 0, 0, 0, 0, 0, 0, 0, 0),
(NULL, 1780, 0, 1, 1, 0, 0, 1181.55, 2015.41, 10.9859, 2.91299, 300, 0, 0, 0, 0, 0, 0, 0, 0, 0),
(NULL, 1780, 0, 1, 1, 0, 0, 1217.04, 1951.05, 10.6037, 5.09695, 300, 0, 0, 0, 0, 0, 0, 0, 0, 0),
(NULL, 1780, 0, 1, 1, 0, 0, 1214.18, 1979.05, 10.2781, 4.22844, 300, 0, 0, 0, 0, 0, 0, 0, 0, 0),
(NULL, 1780, 0, 1, 1, 0, 0, 1379.21, 1960.81, 15.2344, 4.897, 300, 0, 0, 0, 0, 0, 0, 0, 0, 0),
(NULL, 1780, 0, 1, 1, 0, 0, 1411.07, 2008.79, 14.0618, 5.8927, 300, 0, 0, 0, 0, 0, 0, 0, 0, 0),
(NULL, 1780, 0, 1, 1, 0, 0, 1407.46, 1957.44, 16.281, 3.5636, 300, 0, 0, 0, 0, 0, 0, 0, 0, 0),
(NULL, 1780, 0, 1, 1, 0, 0, 1182.48, 1951.78, 8.69866, 5.81169, 300, 0, 0, 0, 0, 0, 0, 0, 0, 0),
(NULL, 1780, 0, 1, 1, 0, 0, 1124.33, 1965.21, 2.9122, 1.35827, 300, 0, 0, 0, 0, 0, 0, 0, 0, 0),
(NULL, 1780, 0, 1, 1, 0, 0, 1311.8, 1987.33, 14.2631, 3.06279, 300, 0, 0, 0, 0, 0, 0, 0, 0, 0),
(NULL, 1780, 0, 1, 1, 0, 0, 1229.72, 2071.02, 2.73893, 1.74847, 300, 0, 0, 0, 0, 0, 0, 0, 0, 0),
(NULL, 1780, 0, 1, 1, 0, 0, 1448.75, 1986.69, 10.8803, 5.38186, 300, 0, 0, 0, 0, 0, 0, 0, 0, 0),
(NULL, 1780, 0, 1, 1, 0, 0, 1354.2, 1974.65, 14.2791, 3.70206, 300, 0, 0, 0, 0, 0, 0, 0, 0, 0),
(NULL, 1780, 0, 1, 1, 0, 0, 1240.02, 1917.32, 12.5176, 2.24927, 300, 0, 0, 0, 0, 0, 0, 0, 0, 0),
(NULL, 1780, 0, 1, 1, 0, 0, 1225.39, 1779.02, 10.5642, 1.2086, 300, 0, 0, 0, 0, 0, 0, 0, 0, 0),
(NULL, 1780, 0, 1, 1, 0, 0, 1163.63, 1995.36, 17.5739, 2.66974, 300, 0, 0, 0, 0, 0, 0, 0, 0, 0),
(NULL, 1780, 0, 1, 1, 0, 0, 1257.48, 1790.92, 12.8687, 4.43489, 300, 0, 0, 0, 0, 0, 0, 0, 0, 0),
(NULL, 1780, 0, 1, 1, 0, 0, 1214.83, 1980.26, 10.3551, 4.2317, 300, 0, 0, 0, 0, 0, 0, 0, 0, 0),
(NULL, 1780, 0, 1, 1, 0, 0, 1217.1, 1949.31, 10.6037, 1.94577, 300, 0, 0, 0, 0, 0, 0, 0, 0, 0),
(NULL, 1780, 0, 1, 1, 0, 0, 1180.71, 1802.32, 18.9436, 0.12579, 300, 0, 0, 0, 0, 0, 0, 0, 0, 0),
(NULL, 1780, 0, 1, 1, 0, 0, 1380.17, 1963.77, 14.6798, 4.75643, 300, 0, 0, 0, 0, 0, 0, 0, 0, 0),
(NULL, 1780, 0, 1, 1, 0, 0, 1260.19, 2016.08, 21.0005, 1.48968, 300, 0, 0, 0, 0, 0, 0, 0, 0, 0),
(NULL, 1780, 0, 1, 1, 0, 0, 1145.11, 1921.82, 17.483, 3.70143, 300, 0, 0, 0, 0, 0, 0, 0, 0, 0),
(NULL, 1780, 0, 1, 1, 0, 0, 1250.32, 1961.08, 12.6422, 5.43811, 300, 0, 0, 0, 0, 0, 0, 0, 0, 0),
(NULL, 1780, 0, 1, 1, 0, 0, 1226.62, 1843.5, 10.377, 5.99042, 300, 0, 0, 0, 0, 0, 0, 0, 0, 0),
(NULL, 1780, 0, 1, 1, 0, 0, 1275.27, 1875.82, 21.3006, 4.61414, 300, 0, 0, 0, 0, 0, 0, 0, 0, 0);


-- -- -- -- -- -- -- -- -- -- --
-- Webbed Victim  (ID: 44941) --
-- -- -- -- -- -- -- -- -- -- --

-- Webbed Victim - new template --
INSERT INTO `creature_template` (`entry`, `difficulty_entry_1`, `difficulty_entry_2`, `difficulty_entry_3`, `KillCredit1`, `KillCredit2`, `modelid1`, `modelid2`, `modelid3`, `modelid4`, `name`, `subname`, `IconName`, `gossip_menu_id`, `minlevel`, `maxlevel`, `exp`, `faction_A`, `faction_H`, `npcflag`, `speed_walk`, `speed_run`, `scale`, `rank`, `mindmg`, `maxdmg`, `dmgschool`, `attackpower`, `dmg_multiplier`, `baseattacktime`, `rangeattacktime`, `unit_class`, `unit_flags`, `dynamicflags`, `family`, `trainer_type`, `trainer_spell`, `trainer_class`, `trainer_race`, `minrangedmg`, `maxrangedmg`, `rangedattackpower`, `type`, `type_flags`, `lootid`, `pickpocketloot`, `skinloot`, `resistance1`, `resistance2`, `resistance3`, `resistance4`, `resistance5`, `resistance6`, `spell1`, `spell2`, `spell3`, `spell4`, `spell5`, `spell6`, `spell7`, `spell8`, `PetSpellDataId`, `VehicleId`, `mingold`, `maxgold`, `AIName`, `MovementType`, `InhabitType`, `Health_mod`, `Mana_mod`, `Armor_mod`, `RacialLeader`, `questItem1`, `questItem2`, `questItem3`, `questItem4`, `questItem5`, `questItem6`, `movementId`, `RegenHealth`, `equipment_id`, `mechanic_immune_mask`, `flags_extra`, `ScriptName`, `WDBVerified`) VALUES
(44941, 0, 0, 0, 0, 0, 16213, 0, 0, 0, 'Webbed Victim', '', '', 0, 1, 1, 0, 7, 7, 0, 1, 1, 1, 0, 2, 2, 0, 24, 1, 2000, 0, 1, 0, 2048, 0, 0, 0, 0, 0, 1, 1, 0, 10, 1032, 0, 0, 0, 0, 0, 0, 0, 0, 0, 0, 0, 0, 0, 0, 0, 0, 0, 0, 0, 0, 0, '', 0, 3, 1.22, 1, 1, 0, 0, 0, 0, 0, 0, 0, 0, 1, 44941, 0, 0, '', 1);

-- Webbed Victim - equip --
INSERT INTO `creature_equip_template` (`entry`, `equipentry1`, `equipentry2`, `equipentry3`) VALUES
(44941, 0, 0, 0);

-- Webbed Victim - addon --
INSERT INTO `creature_template_addon` (`entry`, `path_id`, `mount`, `bytes1`, `bytes2`, `emote`, `auras`) VALUES
(44941, 0, 0, 0, 0, 0, '');

-- Webbed Victim - SAI --

-- Webbed Victim - spawns --
INSERT INTO `creature` (`guid`, `id`, `map`, `spawnMask`, `phaseMask`, `modelid`, `equipment_id`, `position_x`, `position_y`, `position_z`, `orientation`, `spawntimesecs`, `spawndist`, `currentwaypoint`, `curhealth`, `curmana`, `DeathState`, `MovementType`, `npcflag`, `unit_flags`, `dynamicflags`) VALUES
(NULL, 44941, 0, 1, 1, 0, 0, 1440.38, 1942.68, 12.7225, 0, 300, 0, 0, 0, 0, 0, 0, 0, 0, 0),
(NULL, 44941, 0, 1, 1, 0, 0, 1417.06, 1941.28, 9.99489, 0, 300, 0, 0, 0, 0, 0, 0, 0, 0, 0),
(NULL, 44941, 0, 1, 1, 0, 0, 1424.4, 1935.05, 9.53753, 0, 300, 0, 0, 0, 0, 0, 0, 0, 0, 0),
(NULL, 44941, 0, 1, 1, 0, 0, 1420.78, 1930.29, 9.60123, 0, 300, 0, 0, 0, 0, 0, 0, 0, 0, 0),
(NULL, 44941, 0, 1, 1, 0, 0, 1435.01, 1970.71, 12.678, 0, 300, 0, 0, 0, 0, 0, 0, 0, 0, 0),
(NULL, 44941, 0, 1, 1, 0, 0, 1279.31, 1818.09, 20.6176, 0, 300, 0, 0, 0, 0, 0, 0, 0, 0, 0),
(NULL, 44941, 0, 1, 1, 0, 0, 1216.25, 2018.35, 7.78971, 0, 300, 0, 0, 0, 0, 0, 0, 0, 0, 0),
(NULL, 44941, 0, 1, 1, 0, 0, 1312.18, 1991.23, 14.7423, 0, 300, 0, 0, 0, 0, 0, 0, 0, 0, 0),
(NULL, 44941, 0, 1, 1, 0, 0, 1214.93, 1920.73, 10.6976, 0, 300, 0, 0, 0, 0, 0, 0, 0, 0, 0),
(NULL, 44941, 0, 1, 1, 0, 0, 1154.12, 1922.25, 16.3384, 0, 300, 0, 0, 0, 0, 0, 0, 0, 0, 0),
(NULL, 44941, 0, 1, 1, 0, 0, 1356.67, 1974.33, 13.6349, 0, 300, 0, 0, 0, 0, 0, 0, 0, 0, 0),
(NULL, 44941, 0, 1, 1, 0, 0, 1151.23, 1905.61, 21.1873, 0, 300, 0, 0, 0, 0, 0, 0, 0, 0, 0),
(NULL, 44941, 0, 1, 1, 0, 0, 1162.05, 1894.77, 20.6864, 0, 300, 0, 0, 0, 0, 0, 0, 0, 0, 0),
(NULL, 44941, 0, 1, 1, 0, 0, 1253.4, 1856.63, 14.7842, 0, 300, 0, 0, 0, 0, 0, 0, 0, 0, 0);


-- -- -- -- -- -- -- -- -- -- -- -- -- -- -- --
-- Skitterweb Invisible Stalker  (ID: 44908) --
-- -- -- -- -- -- -- -- -- -- -- -- -- -- -- --

-- Skitterweb Invisible Stalker - new template --
INSERT INTO `creature_template` (`entry`, `difficulty_entry_1`, `difficulty_entry_2`, `difficulty_entry_3`, `KillCredit1`, `KillCredit2`, `modelid1`, `modelid2`, `modelid3`, `modelid4`, `name`, `subname`, `IconName`, `gossip_menu_id`, `minlevel`, `maxlevel`, `exp`, `faction_A`, `faction_H`, `npcflag`, `speed_walk`, `speed_run`, `scale`, `rank`, `mindmg`, `maxdmg`, `dmgschool`, `attackpower`, `dmg_multiplier`, `baseattacktime`, `rangeattacktime`, `unit_class`, `unit_flags`, `dynamicflags`, `family`, `trainer_type`, `trainer_spell`, `trainer_class`, `trainer_race`, `minrangedmg`, `maxrangedmg`, `rangedattackpower`, `type`, `type_flags`, `lootid`, `pickpocketloot`, `skinloot`, `resistance1`, `resistance2`, `resistance3`, `resistance4`, `resistance5`, `resistance6`, `spell1`, `spell2`, `spell3`, `spell4`, `spell5`, `spell6`, `spell7`, `spell8`, `PetSpellDataId`, `VehicleId`, `mingold`, `maxgold`, `AIName`, `MovementType`, `InhabitType`, `Health_mod`, `Mana_mod`, `Armor_mod`, `RacialLeader`, `questItem1`, `questItem2`, `questItem3`, `questItem4`, `questItem5`, `questItem6`, `movementId`, `RegenHealth`, `equipment_id`, `mechanic_immune_mask`, `flags_extra`, `ScriptName`, `WDBVerified`) VALUES
(44908, 0, 0, 0, 0, 0, 34169, 23711, 0, 0, 'Skitterweb Invisible Stalker', '', '', 0, 1, 1, 0, 35, 35, 0, 1, 1, 1, 0, 2, 2, 0, 24, 1, 2000, 0, 1, 33587968, 2048, 0, 0, 0, 0, 0, 1, 1, 0, 8, 1048576, 0, 0, 0, 0, 0, 0, 0, 0, 0, 0, 0, 0, 0, 0, 0, 0, 0, 0, 0, 0, 0, '', 0, 7, 1, 1, 1, 0, 0, 0, 0, 0, 0, 0, 0, 1, 44908, 0, 128, '', 0);

-- Skitterweb Invisible Stalker - equip --
INSERT INTO `creature_equip_template` (`entry`, `equipentry1`, `equipentry2`, `equipentry3`) VALUES
(44908, 0, 0, 0);

-- Skitterweb Invisible Stalker - addon --
INSERT INTO `creature_template_addon` (`entry`, `path_id`, `mount`, `bytes1`, `bytes2`, `emote`, `auras`) VALUES
(44908, 0, 0, 0, 0, 0, '');

-- Skitterweb Invisible Stalker - spawns --
INSERT INTO `creature` (`guid`, `id`, `map`, `spawnMask`, `phaseMask`, `modelid`, `equipment_id`, `position_x`, `position_y`, `position_z`, `orientation`, `spawntimesecs`, `spawndist`, `currentwaypoint`, `curhealth`, `curmana`, `DeathState`, `MovementType`, `npcflag`, `unit_flags`, `dynamicflags`) VALUES
(NULL, 44908, 0, 1, 1, 0, 0, 1420.38, 1935.28, 22.5728, 0, 300, 0, 0, 0, 0, 0, 0, 0, 0, 0),
(NULL, 44908, 0, 1, 1, 0, 0, 1418.86, 1935.66, 22.6505, 0, 300, 0, 0, 0, 0, 0, 0, 0, 0, 0),
(NULL, 44908, 0, 1, 1, 0, 0, 1419.9, 1936.77, 22.4203, 0, 300, 0, 0, 0, 0, 0, 0, 0, 0, 0),
(NULL, 44908, 0, 1, 1, 0, 0, 1420.91, 1936.97, 22.3958, 0, 300, 0, 0, 0, 0, 0, 0, 0, 0, 0),
(NULL, 44908, 0, 1, 1, 0, 0, 1418.56, 1937.16, 22.6431, 0, 300, 0, 0, 0, 0, 0, 0, 0, 0, 0),
(NULL, 44908, 0, 1, 1, 0, 0, 1419.87, 1937.93, 22.4195, 0, 300, 0, 0, 0, 0, 0, 0, 0, 0, 0);


-- -- -- -- -- -- -- -- -- -- -- -- -- -- --
-- Krethis the Shadowspinner  (ID: 12433) --
-- -- -- -- -- -- -- -- -- -- -- -- -- -- --

-- Krethis the Shadowspinner - new template --
INSERT INTO `creature_template` (`entry`, `difficulty_entry_1`, `difficulty_entry_2`, `difficulty_entry_3`, `KillCredit1`, `KillCredit2`, `modelid1`, `modelid2`, `modelid3`, `modelid4`, `name`, `subname`, `IconName`, `gossip_menu_id`, `minlevel`, `maxlevel`, `exp`, `faction_A`, `faction_H`, `npcflag`, `speed_walk`, `speed_run`, `scale`, `rank`, `mindmg`, `maxdmg`, `dmgschool`, `attackpower`, `dmg_multiplier`, `baseattacktime`, `rangeattacktime`, `unit_class`, `unit_flags`, `dynamicflags`, `family`, `trainer_type`, `trainer_spell`, `trainer_class`, `trainer_race`, `minrangedmg`, `maxrangedmg`, `rangedattackpower`, `type`, `type_flags`, `lootid`, `pickpocketloot`, `skinloot`, `resistance1`, `resistance2`, `resistance3`, `resistance4`, `resistance5`, `resistance6`, `spell1`, `spell2`, `spell3`, `spell4`, `spell5`, `spell6`, `spell7`, `spell8`, `PetSpellDataId`, `VehicleId`, `mingold`, `maxgold`, `AIName`, `MovementType`, `InhabitType`, `Health_mod`, `Mana_mod`, `Armor_mod`, `RacialLeader`, `questItem1`, `questItem2`, `questItem3`, `questItem4`, `questItem5`, `questItem6`, `movementId`, `RegenHealth`, `equipment_id`, `mechanic_immune_mask`, `flags_extra`, `ScriptName`, `WDBVerified`) VALUES
(12433, 0, 0, 0, 0, 0, 368, 0, 0, 0, 'Krethis Shadowspinner', NULL, NULL, 0, 12, 12, 0, 22, 22, 0, 1, 1, 1, 4, 16, 21, 0, 42, 1, 2000, 0, 2, 64, 2048, 3, 0, 0, 0, 0, 10, 15, 0, 1, 1, 12433, 0, 0, 0, 0, 0, 0, 0, 0, 12040, 17439, 0, 0, 0, 0, 0, 0, 10500, 0, 0, 0, 'SmartAI', 0, 3, 1.5, 1, 1, 0, 3254, 0, 0, 0, 0, 0, 0, 1, 12433, 0, 0, '', 0);

-- Krethis the Shadowspinner - equip --
INSERT INTO `creature_equip_template` (`entry`, `equipentry1`, `equipentry2`, `equipentry3`) VALUES
(12433, 0, 0, 0);

-- Krethis the Shadowspinner - addon --
INSERT INTO `creature_template_addon` (`entry`, `path_id`, `mount`, `bytes1`, `bytes2`, `emote`, `auras`) VALUES
(12433, 0, 0, 0, 0, 0, '');

-- Krethis the Shadowspinner - SAI --
INSERT INTO `smart_scripts` (`entryorguid`, `source_type`, `id`, `link`, `event_type`, `event_phase_mask`, `event_chance`, `event_flags`, `event_param1`, `event_param2`, `event_param3`, `event_param4`, `action_type`, `action_param1`, `action_param2`, `action_param3`, `action_param4`, `action_param5`, `action_param6`, `target_type`, `target_param1`, `target_param2`, `target_param3`, `target_x`, `target_y`, `target_z`, `target_o`, `comment`) VALUES
(12433, 0, 0, 0, 2, 0, 100, 1, 5, 5, 0, 0, 80, 1243300, 0, 1, 0, 0, 0, 1, 0, 0, 0, 0, 0, 0, 0, 'Krethis the Shadowspinner - call timed actionlist below 5% HP'),
(12433, 0, 1, 0, 0, 0, 100, 0, 2500, 2500, 10000, 10000, 11, 80576, 0, 0, 0, 0, 0, 1, 0, 0, 0, 0, 0, 0, 0, 'Krethis the Shadowspinner - cast Shadowstep'),
(12433, 0, 2, 0, 9, 0, 100, 0, 10, 30, 4500, 4500, 11, 12023, 0, 0, 0, 0, 0, 2, 0, 0, 0, 0, 0, 0, 0, 'Krethis the Shadowspinner - cast Web'),
(12433, 0, 3, 0, 0, 0, 100, 0, 2000, 2000, 20000, 20000, 11, 13884, 0, 0, 0, 0, 0, 2, 0, 0, 0, 0, 0, 0, 0, 'Krethis the Shadowspinner - cast Withering Poison'),
(1243300, 9, 0, 0, 0, 0, 100, 1, 0, 0, 0, 0, 11, 82715, 0, 0, 0, 0, 0, 1, 0, 0, 0, 0, 0, 0, 0, 'Krethis the Shadowspinner - cast Flee into the Shadows'),
(1243300, 9, 1, 0, 0, 0, 100, 1, 0, 0, 0, 0, 11, 87080, 0, 0, 0, 0, 0, 1, 0, 0, 0, 0, 0, 0, 0, 'Krethis the Shadowspinner - cast Vanish');

-- Krethis the Shadowspinner - loot --
INSERT INTO `creature_loot_template` (`entry`, `item`, `ChanceOrQuestChance`, `lootmode`, `groupid`, `mincountOrRef`, `maxcount`) VALUES
(12433, 1475, 0.3, 1, 0, 1, 1),
(12433, 1476, 83, 1, 0, 1, 1),
(12433, 1495, 0.1, 1, 0, 1, 1),
(12433, 1497, 0.1, 1, 0, 1, 1),
(12433, 1498, 0.5, 1, 0, 1, 1),
(12433, 1501, 0.2, 1, 0, 1, 1),
(12433, 1502, 0.1, 1, 0, 1, 1),
(12433, 1504, 0.3, 1, 0, 1, 1),
(12433, 1506, 0.1, 1, 0, 1, 1),
(12433, 1507, 0.1, 1, 0, 1, 1),
(12433, 1509, 0.2, 1, 0, 1, 1),
(12433, 1511, 0.3, 1, 0, 1, 1),
(12433, 1512, 0.3, 1, 0, 1, 1),
(12433, 1513, 0.3, 1, 0, 1, 1),
(12433, 1514, 0.1, 1, 0, 1, 1),
(12433, 1516, 0.2, 1, 0, 1, 1),
(12433, 1731, 0.2, 1, 0, 1, 1),
(12433, 1732, 0.2, 1, 0, 1, 1),
(12433, 1735, 0.1, 1, 0, 1, 1),
(12433, 1737, 0.1, 1, 0, 1, 1),
(12433, 2073, 32.62, 1, 0, -2073, 1),
(12433, 2075, 0.2, 1, 0, 1, 1),
(12433, 2078, 8.22, 1, 0, -2078, 1),
(12433, 2079, 9.8, 1, 0, -2079, 1),
(12433, 2140, 0.2, 1, 0, 1, 1),
(12433, 2214, 0.2, 1, 0, 1, 1),
(12433, 2406, 0.2134, 1, 0, -2406, 1),
(12433, 2632, 10.89, 1, 0, -2632, 1),
(12433, 2777, 0.1, 1, 0, 1, 1),
(12433, 2778, 0.3, 1, 0, 1, 1),
(12433, 2961, 0.1, 1, 0, 1, 1),
(12433, 2970, 17.5, 1, 0, -2970, 1),
(12433, 2971, 1.8, 1, 0, -2971, 1),
(12433, 2978, 0.3, 1, 0, 1, 1),
(12433, 3167, 14.9, 1, 0, 1, 1),
(12433, 3174, 0.2, 1, 0, 1, 1),
(12433, 3254, -1, 1, 0, 1, 1),
(12433, 3374, 0.6, 1, 0, 1, 1),
(12433, 3643, 0.1, 1, 0, 1, 1),
(12433, 4409, 0.1, 1, 0, 1, 1),
(12433, 4564, 0.5, 1, 0, 1, 1),
(12433, 4566, 0.4, 1, 0, 1, 1),
(12433, 4577, 0.1, 1, 0, 1, 1),
(12433, 4684, 0.1, 1, 0, 1, 1),
(12433, 4689, 0.1, 1, 0, 1, 1),
(12433, 5465, 55.5, 1, 0, 1, 1),
(12433, 5574, 0.3, 1, 0, -5574, 1),
(12433, 6266, 5.3, 1, 0, 1, 1),
(12433, 6267, 2.9, 1, 0, 1, 1),
(12433, 6268, 1.7, 1, 0, 1, 1),
(12433, 6269, 4.1, 1, 0, 1, 1),
(12433, 6336, 1.8, 1, 0, 1, 1),
(12433, 6337, 3.8, 1, 0, 1, 1),
(12433, 6506, 2, 1, 0, 1, 1),
(12433, 6510, 2.4, 1, 0, 1, 1),
(12433, 6511, 0.1, 1, 0, 1, 1),
(12433, 6512, 4, 1, 0, 1, 1),
(12433, 6515, 1.3, 1, 0, 1, 1),
(12433, 6518, 2.6, 1, 0, 1, 1),
(12433, 6521, 3.3, 1, 0, 1, 1),
(12433, 6537, 0.7, 1, 0, 1, 1),
(12433, 6541, 0.1, 1, 0, 1, 1),
(12433, 6542, 0.2, 1, 0, 1, 1),
(12433, 6543, 0.6, 1, 0, 1, 1),
(12433, 6549, 1.3, 1, 0, 1, 1),
(12433, 6550, 0.9, 1, 0, 1, 1),
(12433, 6555, 3.6, 1, 0, 1, 1),
(12433, 6556, 0.3, 1, 0, 1, 1),
(12433, 6557, 0.2, 1, 0, 1, 1),
(12433, 6558, 0.7, 1, 0, 1, 1),
(12433, 7108, 0.4, 1, 0, 1, 1),
(12433, 7351, 2.8, 1, 0, 1, 1),
(12433, 8180, 0.1, 1, 0, 1, 1),
(12433, 9742, 6.1, 1, 0, 1, 1),
(12433, 9743, 3.4, 1, 0, 1, 1),
(12433, 9744, 4.7, 1, 0, 1, 1),
(12433, 9745, 1.6, 1, 0, 1, 1),
(12433, 9746, 1.8, 1, 0, 1, 1),
(12433, 9747, 3.2, 1, 0, 1, 1),
(12433, 9748, 0.2, 1, 0, 1, 1),
(12433, 9749, 0.3, 1, 0, 1, 1),
(12433, 9750, 2.2, 1, 0, 1, 1),
(12433, 9751, 4.2, 1, 0, 1, 1),
(12433, 9752, 4.7, 1, 0, 1, 1),
(12433, 9754, 3.2, 1, 0, 1, 1),
(12433, 9755, 3.1, 1, 0, 1, 1),
(12433, 9756, 3.6, 1, 0, 1, 1),
(12433, 9757, 0.6, 1, 0, 1, 1),
(12433, 9758, 2.3, 1, 0, 1, 1),
(12433, 9759, 1.9, 1, 0, 1, 1),
(12433, 9760, 2.5, 1, 0, 1, 1),
(12433, 9761, 1.7, 1, 0, 1, 1),
(12433, 9762, 1.5, 1, 0, 1, 1),
(12433, 9763, 2.8, 1, 0, 1, 1),
(12433, 9765, 0.4, 1, 0, 1, 1),
(12433, 9779, 0.3, 1, 0, 1, 1),
(12433, 9786, 0.2, 1, 0, 1, 1),
(12433, 15925, 0.2, 1, 0, 1, 1),
(12433, 22644, 34.8, 1, 0, 1, 1);

-- Krethis the Shadowspinner - spawn --
INSERT INTO `creature` (`guid`, `id`, `map`, `spawnMask`, `phaseMask`, `modelid`, `equipment_id`, `position_x`, `position_y`, `position_z`, `orientation`, `spawntimesecs`, `spawndist`, `currentwaypoint`, `curhealth`, `curmana`, `DeathState`, `MovementType`, `npcflag`, `unit_flags`, `dynamicflags`) VALUES
(NULL, 12433, 0, 1, 1, 0, 0, 1272.71, 1871.18, 19.9256, 1.71661, 3600, 0, 0, 0, 0, 0, 0, 0, 0, 0);


-- -- -- -- -- -- -- -- -- -- -- -- --
-- Inconspicuous Bear   (ID: 45750) --
-- -- -- -- -- -- -- -- -- -- -- -- --

-- Inconspicuous Bear - new template --
INSERT INTO `creature_template` (`entry`, `difficulty_entry_1`, `difficulty_entry_2`, `difficulty_entry_3`, `KillCredit1`, `KillCredit2`, `modelid1`, `modelid2`, `modelid3`, `modelid4`, `name`, `subname`, `IconName`, `gossip_menu_id`, `minlevel`, `maxlevel`, `exp`, `faction_A`, `faction_H`, `npcflag`, `speed_walk`, `speed_run`, `scale`, `rank`, `mindmg`, `maxdmg`, `dmgschool`, `attackpower`, `dmg_multiplier`, `baseattacktime`, `rangeattacktime`, `unit_class`, `unit_flags`, `dynamicflags`, `family`, `trainer_type`, `trainer_spell`, `trainer_class`, `trainer_race`, `minrangedmg`, `maxrangedmg`, `rangedattackpower`, `type`, `type_flags`, `lootid`, `pickpocketloot`, `skinloot`, `resistance1`, `resistance2`, `resistance3`, `resistance4`, `resistance5`, `resistance6`, `spell1`, `spell2`, `spell3`, `spell4`, `spell5`, `spell6`, `spell7`, `spell8`, `PetSpellDataId`, `VehicleId`, `mingold`, `maxgold`, `AIName`, `MovementType`, `InhabitType`, `Health_mod`, `Mana_mod`, `Armor_mod`, `RacialLeader`, `questItem1`, `questItem2`, `questItem3`, `questItem4`, `questItem5`, `questItem6`, `movementId`, `RegenHealth`, `equipment_id`, `mechanic_immune_mask`, `flags_extra`, `ScriptName`, `WDBVerified`) VALUES
(45750, 0, 0, 0, 0, 0, 33651, 33650, 0, 0, 'Inconspicuous Bear', '', '', 0, 17, 18, 0, 2166, 2166, 0, 1, 1, 1, 0, 26, 35, 0, 64, 1, 2000, 0, 1, 32768, 2048, 0, 0, 0, 0, 0, 18, 26, 3, 1, 0, 45750, 0, 45750, 0, 0, 0, 0, 0, 0, 0, 0, 0, 0, 0, 0, 0, 0, 0, 0, 0, 0, '', 0, 3, 1, 1, 1, 0, 0, 0, 0, 0, 0, 0, 0, 1, 45750, 0, 0, '', 1);

-- Inconspicuous Bear - equip --
INSERT INTO `creature_equip_template` (`entry`, `equipentry1`, `equipentry2`, `equipentry3`) VALUES
(45750, 0, 0, 0);

-- Inconspicuous Bear - addon --
INSERT INTO `creature_template_addon` (`entry`, `path_id`, `mount`, `bytes1`, `bytes2`, `emote`, `auras`) VALUES
(45750, 0, 0, 0, 0, 0, '');

-- Inconspicuous Bear - SAI --
INSERT INTO `smart_scripts` (`entryorguid`, `source_type`, `id`, `link`, `event_type`, `event_phase_mask`, `event_chance`, `event_flags`, `event_param1`, `event_param2`, `event_param3`, `event_param4`, `action_type`, `action_param1`, `action_param2`, `action_param3`, `action_param4`, `action_param5`, `action_param6`, `target_type`, `target_param1`, `target_param2`, `target_param3`, `target_x`, `target_y`, `target_z`, `target_o`, `comment`) VALUES
(45750, 0, 0, 0, 6, 0, 100, 0, 0, 0, 0, 0, 11, 85359, 0, 0, 0, 0, 0, 1, 0, 0, 0, 0, 0, 0, 0, 'Inconspicuous Bear - cast Worgen Druid Form on death'),
(45750, 0, 1, 0, 0, 0, 100, 0, 0, 0, 0, 0, 11, 87185, 0, 0, 0, 0, 0, 1, 0, 0, 0, 0, 0, 0, 0, 'Inconspicuous Bear - cast Demoralizing Roar'),
(45750, 0, 2, 0, 9, 0, 100, 0, 8, 25, 2000, 2000, 22, 2, 0, 0, 0, 0, 0, 1, 0, 0, 0, 0, 0, 0, 0, 'Inconspicuous Bear - set Phase 2 when player at the distance of more than 8 yards'),
(45750, 0, 3, 0, 9, 2, 100, 0, 8, 25, 10000, 10000, 11, 87187, 0, 0, 0, 0, 0, 2, 0, 0, 0, 0, 0, 0, 0, 'Inconspicuous Bear - cast Feral Charge'),
(45750, 0, 4, 0, 9, 0, 100, 0, 0, 8, 2000, 2000, 22, 0, 0, 0, 0, 0, 0, 1, 0, 0, 0, 0, 0, 0, 0, 'Inconspicuous Bear - set Phase Always when player at distance of 8 yards'),
(45750, 0, 5, 0, 0, 0, 100, 0, 0, 0, 5000, 7000, 11, 31279, 0, 0, 0, 0, 0, 2, 0, 0, 0, 0, 0, 0, 0, 'Inconspicuous Bear - cast Swipe');

-- Inconspicuous Bear - loot --
INSERT INTO `creature_loot_template` (`entry`, `item`, `ChanceOrQuestChance`, `lootmode`, `groupid`, `mincountOrRef`, `maxcount`) VALUES
(45750, 1210, 0.2, 1, 0, 1, 1),
(45750, 1738, 0.2, 1, 0, 1, 1),
(45750, 1739, 0.1, 1, 0, 1, 1),
(45750, 1740, 0.1, 1, 0, 1, 1),
(45750, 1742, 0.1, 1, 0, 1, 1),
(45750, 1743, 0.1, 1, 0, 1, 1),
(45750, 1744, 0.1, 1, 0, 1, 1),
(45750, 1745, 0.2, 1, 0, 1, 1),
(45750, 1764, 0.2, 1, 0, 1, 1),
(45750, 1766, 0.2, 1, 0, 1, 1),
(45750, 1767, 0.2, 1, 0, 1, 1),
(45750, 1768, 0.2, 1, 0, 1, 1),
(45750, 1769, 0.2, 1, 0, 1, 1),
(45750, 1770, 0.1, 1, 0, 1, 1),
(45750, 1787, 0.2, 1, 0, 1, 1),
(45750, 1788, 0.2, 1, 0, 1, 1),
(45750, 1789, 0.2, 1, 0, 1, 1),
(45750, 1791, 0.2, 1, 0, 1, 1),
(45750, 1792, 0.2, 1, 0, 1, 1),
(45750, 1793, 0.3, 1, 0, 1, 1),
(45750, 1794, 0.2, 1, 0, 1, 1),
(45750, 1811, 0.2, 1, 0, 1, 1),
(45750, 1812, 0.4, 1, 0, 1, 1),
(45750, 1813, 0.3, 1, 0, 1, 1),
(45750, 1814, 0.3, 1, 0, 1, 1),
(45750, 1815, 0.2, 1, 0, 1, 1),
(45750, 1816, 0.3, 1, 0, 1, 1),
(45750, 1817, 0.2, 1, 0, 1, 1),
(45750, 2078, 0.1, 1, 0, 1, 1),
(45750, 2079, 0.05, 1, 0, 1, 1),
(45750, 2216, 0.1, 1, 0, 1, 1),
(45750, 2217, 0.2, 1, 0, 1, 1),
(45750, 2407, 0.05, 1, 0, 1, 1),
(45750, 2408, 0.05, 1, 0, 1, 1),
(45750, 2409, 0.05, 1, 0, 1, 1),
(45750, 2452, 0.05, 1, 0, 2, 2),
(45750, 2553, 0.05, 1, 0, 1, 1),
(45750, 2657, 0.05, 1, 0, 1, 1),
(45750, 2764, 0.2, 1, 0, 1, 1),
(45750, 2780, 0.2, 1, 0, 1, 1),
(45750, 2781, 0.4, 1, 0, 1, 1),
(45750, 2883, 0.05, 1, 0, 1, 1),
(45750, 2969, 0.1, 1, 0, 1, 1),
(45750, 2970, 0.1, 1, 0, 1, 1),
(45750, 2973, 0.1, 1, 0, 1, 1),
(45750, 2974, 0.1, 1, 0, 1, 1),
(45750, 2977, 0.05, 1, 0, 1, 1),
(45750, 2983, 0.2, 1, 0, 1, 1),
(45750, 2984, 0.1, 1, 0, 1, 1),
(45750, 2986, 0.05, 1, 0, 1, 1),
(45750, 2987, 0.05, 1, 0, 1, 1),
(45750, 2988, 0.05, 1, 0, 1, 1),
(45750, 2991, 0.05, 1, 0, 1, 1),
(45750, 3040, 0.05, 1, 0, 1, 1),
(45750, 3173, 41, 1, 0, 1, 1),
(45750, 3184, 0.05, 1, 0, 1, 1),
(45750, 3193, 0.05, 1, 0, 1, 1),
(45750, 3195, 0.1, 1, 0, 1, 1),
(45750, 3196, 0.05, 1, 0, 1, 1),
(45750, 3205, 0.05, 1, 0, 1, 1),
(45750, 3211, 0.05, 1, 0, 1, 1),
(45750, 3376, 0.1, 1, 0, 1, 1),
(45750, 3377, 0.2, 1, 0, 1, 1),
(45750, 3393, 0.05, 1, 0, 1, 1),
(45750, 3394, 0.05, 1, 0, 1, 1),
(45750, 3645, 0.1, 1, 0, 1, 1),
(45750, 3655, 0.05, 1, 0, 1, 1),
(45750, 4293, 0.05, 1, 0, 1, 1),
(45750, 4345, 0.05, 1, 0, 1, 1),
(45750, 4346, 0.05, 1, 0, 1, 1),
(45750, 4349, 0.05, 1, 0, 1, 1),
(45750, 4409, 0.05, 1, 0, 1, 1),
(45750, 4410, 0.05, 1, 0, 1, 1),
(45750, 4567, 0.05, 1, 0, 1, 1),
(45750, 4568, 0.05, 1, 0, 1, 1),
(45750, 4571, 0.2, 1, 0, 1, 1),
(45750, 4575, 0.1, 1, 0, 1, 1),
(45750, 4576, 0.05, 1, 0, 1, 1),
(45750, 4695, 0.1, 1, 0, 1, 1),
(45750, 4697, 0.05, 1, 0, 1, 1),
(45750, 4698, 0.05, 1, 0, 1, 1),
(45750, 4699, 0.1, 1, 0, 1, 1),
(45750, 4700, 0.05, 1, 0, 1, 1),
(45750, 4701, 0.05, 1, 0, 1, 1),
(45750, 5207, 0.05, 1, 0, 1, 1),
(45750, 5212, 0.1, 1, 0, 1, 1),
(45750, 5573, 0.05, 1, 0, 1, 1),
(45750, 5574, 0.05, 1, 0, 1, 1),
(45750, 5972, 0.05, 1, 0, 1, 1),
(45750, 6271, 0.05, 1, 0, 1, 1),
(45750, 6342, 0.05, 1, 0, 1, 1),
(45750, 6348, 0.05, 1, 0, 1, 1),
(45750, 6375, 0.05, 1, 0, 1, 1),
(45750, 6378, 0.1, 1, 0, 1, 1),
(45750, 6379, 0.05, 1, 0, 1, 1),
(45750, 6380, 0.05, 1, 0, 1, 1),
(45750, 6528, 0.1, 1, 0, 1, 1),
(45750, 6536, 0.05, 1, 0, 1, 1),
(45750, 6538, 0.05, 1, 0, 1, 1),
(45750, 6539, 0.05, 1, 0, 1, 1),
(45750, 6540, 0.05, 1, 0, 1, 1),
(45750, 6541, 0.05, 1, 0, 1, 1),
(45750, 6545, 0.05, 1, 0, 1, 1),
(45750, 6546, 0.1, 1, 0, 1, 1),
(45750, 6547, 0.1, 1, 0, 1, 1),
(45750, 6548, 0.05, 1, 0, 1, 1),
(45750, 6551, 0.1, 1, 0, 1, 1),
(45750, 6552, 0.05, 1, 0, 1, 1),
(45750, 6553, 0.05, 1, 0, 1, 1),
(45750, 6554, 0.1, 1, 0, 1, 1),
(45750, 6557, 0.05, 1, 0, 1, 1),
(45750, 6559, 0.05, 1, 0, 1, 1),
(45750, 6560, 0.05, 1, 0, 1, 1),
(45750, 6561, 0.05, 1, 0, 1, 1),
(45750, 6563, 0.1, 1, 0, 1, 1),
(45750, 6564, 0.05, 1, 0, 1, 1),
(45750, 6575, 0.05, 1, 0, 1, 1),
(45750, 6581, 0.05, 1, 0, 1, 1),
(45750, 6585, 0.05, 1, 0, 1, 1),
(45750, 6716, 0.05, 1, 0, 1, 1),
(45750, 7073, 73.4, 1, 0, 1, 1),
(45750, 7554, 0.05, 1, 0, 1, 1),
(45750, 7608, 0.05, 1, 0, 1, 1),
(45750, 9775, 0.05, 1, 0, 1, 1),
(45750, 9776, 0.05, 1, 0, 1, 1),
(45750, 9777, 0.05, 1, 0, 1, 1),
(45750, 9778, 0.05, 1, 0, 1, 1),
(45750, 9779, 0.1, 1, 0, 1, 1),
(45750, 9780, 0.05, 1, 0, 1, 1),
(45750, 9784, 0.05, 1, 0, 1, 1),
(45750, 9785, 0.05, 1, 0, 1, 1),
(45750, 9786, 0.05, 1, 0, 1, 1),
(45750, 9787, 0.05, 1, 0, 1, 1),
(45750, 9788, 0.2, 1, 0, 1, 1),
(45750, 9789, 0.05, 1, 0, 1, 1),
(45750, 10316, 0.05, 1, 0, 1, 1),
(45750, 10407, 0.05, 1, 0, 1, 1),
(45750, 11038, 0.05, 1, 0, 1, 1),
(45750, 11039, 0.05, 1, 0, 1, 1),
(45750, 11407, -26, 1, 0, 1, 1),
(45750, 14166, 0.05, 1, 0, 1, 1),
(45750, 14168, 0.05, 1, 0, 1, 1),
(45750, 14173, 0.05, 1, 0, 1, 1),
(45750, 14174, 0.05, 1, 0, 1, 1),
(45750, 15210, 0.05, 1, 0, 1, 1),
(45750, 15222, 0.05, 1, 0, 1, 1),
(45750, 15248, 0.05, 1, 0, 1, 1),
(45750, 15268, 0.05, 1, 0, 1, 1),
(45750, 15926, 0.1, 1, 0, 1, 1);

-- Inconspicuous Bear  - skinning --
INSERT INTO `skinning_loot_template` (`entry`, `item`, `ChanceOrQuestChance`, `lootmode`, `groupid`, `mincountOrRef`, `maxcount`) VALUES 
(45750, 2318, 73, 1, 0, 1, 2), 
(45750, 2319, 20, 1, 0, 1, 1), 
(45750, 783, 4, 1, 0, 1, 1), 
(45750, 4232, 2, 1, 0, 1, 1);

-- Inconspicuous Bear - spawns --
INSERT INTO `creature` (`guid`, `id`, `map`, `spawnMask`, `phaseMask`, `modelid`, `equipment_id`, `position_x`, `position_y`, `position_z`, `orientation`, `spawntimesecs`, `spawndist`, `currentwaypoint`, `curhealth`, `curmana`, `DeathState`, `MovementType`, `npcflag`, `unit_flags`, `dynamicflags`) VALUES
(NULL, 45750, 0, 1, 1, 0, 0, -555.678, 792.433, 88.8345, 1.93344, 300, 0, 0, 0, 0, 0, 0, 0, 0, 0),
(NULL, 45750, 0, 1, 1, 0, 0, -464.519, 736.349, 89.2153, 4.75382, 300, 0, 0, 0, 0, 0, 0, 0, 0, 0),
(NULL, 45750, 0, 1, 1, 0, 0, -327.521, 1158.69, 69.8678, 4.42738, 300, 0, 0, 0, 0, 0, 0, 0, 0, 0),
(NULL, 45750, 0, 1, 1, 0, 0, -557.76, 924.885, 88.8268, 4.81435, 300, 0, 0, 0, 0, 0, 0, 0, 0, 0),
(NULL, 45750, 0, 1, 1, 0, 0, -489.916, 890.075, 92.1827, 5.44114, 300, 0, 0, 0, 0, 0, 0, 0, 0, 0),
(NULL, 45750, 0, 1, 1, 0, 0, -427.152, 1123.02, 83.4748, 3.07515, 300, 0, 0, 0, 0, 0, 0, 0, 0, 0),
(NULL, 45750, 0, 1, 1, 0, 0, -466.019, 810.075, 96.6279, 3.56047, 300, 0, 0, 0, 0, 0, 0, 0, 0, 0),
(NULL, 45750, 0, 1, 1, 0, 0, -491.363, 840.977, 94.6555, 4.70857, 300, 0, 0, 0, 0, 0, 0, 0, 0, 0),
(NULL, 45750, 0, 1, 1, 0, 0, -520.793, 690.312, 88.7777, 5.05818, 300, 0, 0, 0, 0, 0, 0, 0, 0, 0),
(NULL, 45750, 0, 1, 1, 0, 0, -351.112, 1105.23, 81.1852, 3.45964, 300, 0, 0, 0, 0, 0, 0, 0, 0, 0),
(NULL, 45750, 0, 1, 1, 0, 0, -462.588, 692.193, 88.2508, 5.98799, 300, 0, 0, 0, 0, 0, 0, 0, 0, 0),
(NULL, 45750, 0, 1, 1, 0, 0, -492.527, 779.994, 92.0306, 2.85004, 300, 0, 0, 0, 0, 0, 0, 0, 0, 0),
(NULL, 45750, 0, 1, 1, 0, 0, -450.592, 900.376, 100.942, 4.79133, 300, 0, 0, 0, 0, 0, 0, 0, 0, 0),
(NULL, 45750, 0, 1, 1, 0, 0, -526.429, 1034.97, 92.5947, 1.33221, 300, 0, 0, 0, 0, 0, 0, 0, 0, 0),
(NULL, 45750, 0, 1, 1, 0, 0, -473.068, 812.286, 96.0711, 5.67232, 300, 0, 0, 0, 0, 0, 0, 0, 0, 0),
(NULL, 45750, 0, 1, 1, 0, 0, -407.824, 817.479, 96.7861, 4.71715, 300, 0, 0, 0, 0, 0, 0, 0, 0, 0),
(NULL, 45750, 0, 1, 1, 0, 0, -521.378, 1082.74, 87.373, 4.66355, 300, 0, 0, 0, 0, 0, 0, 0, 0, 0),
(NULL, 45750, 0, 1, 1, 0, 0, -293.911, 1124.62, 66.992, 2.75221, 300, 0, 0, 0, 0, 0, 0, 0, 0, 0),
(NULL, 45750, 0, 1, 1, 0, 0, -416.431, 745.174, 102.653, 0.298571, 300, 0, 0, 0, 0, 0, 0, 0, 0, 0),
(NULL, 45750, 0, 1, 1, 0, 0, -553.56, 846.633, 88.8281, 5.68707, 300, 0, 0, 0, 0, 0, 0, 0, 0, 0),
(NULL, 45750, 0, 1, 1, 0, 0, -583.26, 887.019, 91.3986, 5.3682, 300, 0, 0, 0, 0, 0, 0, 0, 0, 0),
(NULL, 45750, 0, 1, 1, 0, 0, -504.668, 1124.65, 72.9727, 4.38014, 300, 0, 0, 0, 0, 0, 0, 0, 0, 0),
(NULL, 45750, 0, 1, 1, 0, 0, -248.113, 1151.06, 62.1482, 4.10866, 300, 0, 0, 0, 0, 0, 0, 0, 0, 0),
(NULL, 45750, 0, 1, 1, 0, 0, -387.343, 1150.41, 78.5621, 3.44828, 300, 0, 0, 0, 0, 0, 0, 0, 0, 0),
(NULL, 45750, 0, 1, 1, 0, 0, -470.48, 1029.42, 92.5355, 2.78556, 300, 0, 0, 0, 0, 0, 0, 0, 0, 0),
(NULL, 45750, 0, 1, 1, 0, 0, -473.939, 942.628, 91.2812, 5.59833, 300, 0, 0, 0, 0, 0, 0, 0, 0, 0),
(NULL, 45750, 0, 1, 1, 0, 0, -451.639, 847.968, 97.6919, 3.35724, 300, 0, 0, 0, 0, 0, 0, 0, 0, 0);


-- -- -- -- -- -- -- -- -- -- -- -- -- -- -- --
-- Ambermill Dimensional Portal  (ID: 45752) --
-- -- -- -- -- -- -- -- -- -- -- -- -- -- -- --

-- Ambermill Dimensional Portal - new template --
INSERT INTO `creature_template` (`entry`, `difficulty_entry_1`, `difficulty_entry_2`, `difficulty_entry_3`, `KillCredit1`, `KillCredit2`, `modelid1`, `modelid2`, `modelid3`, `modelid4`, `name`, `subname`, `IconName`, `gossip_menu_id`, `minlevel`, `maxlevel`, `exp`, `faction_A`, `faction_H`, `npcflag`, `speed_walk`, `speed_run`, `scale`, `rank`, `mindmg`, `maxdmg`, `dmgschool`, `attackpower`, `dmg_multiplier`, `baseattacktime`, `rangeattacktime`, `unit_class`, `unit_flags`, `dynamicflags`, `family`, `trainer_type`, `trainer_spell`, `trainer_class`, `trainer_race`, `minrangedmg`, `maxrangedmg`, `rangedattackpower`, `type`, `type_flags`, `lootid`, `pickpocketloot`, `skinloot`, `resistance1`, `resistance2`, `resistance3`, `resistance4`, `resistance5`, `resistance6`, `spell1`, `spell2`, `spell3`, `spell4`, `spell5`, `spell6`, `spell7`, `spell8`, `PetSpellDataId`, `VehicleId`, `mingold`, `maxgold`, `AIName`, `MovementType`, `InhabitType`, `Health_mod`, `Mana_mod`, `Armor_mod`, `RacialLeader`, `questItem1`, `questItem2`, `questItem3`, `questItem4`, `questItem5`, `questItem6`, `movementId`, `RegenHealth`, `equipment_id`, `mechanic_immune_mask`, `flags_extra`, `ScriptName`, `WDBVerified`) VALUES
(45752, 0, 0, 0, 0, 0, 34657, 0, 0, 0, 'Ambermill Dimensional Portal', '', '', 0, 1, 1, 0, 35, 35, 3, 1, 1, 1, 0, 2, 2, 0, 24, 1, 2000, 0, 2, 6, 0, 0, 0, 0, 0, 0, 1, 2, 0, 10, 0, 0, 0, 0, 0, 0, 0, 0, 0, 0, 0, 0, 0, 0, 0, 0, 0, 0, 0, 0, 0, 0, '', 0, 3, 1, 1, 1, 0, 0, 0, 0, 0, 0, 0, 0, 1, 45752, 0, 2, '', 1);

-- Ambermill Dimensional Portal - equip --
INSERT INTO `creature_equip_template` (`entry`, `equipentry1`, `equipentry2`, `equipentry3`) VALUES
(45752, 0, 0, 0);

-- Ambermill Dimensional Portal - addon --
INSERT INTO `creature_template_addon` (`entry`, `path_id`, `mount`, `bytes1`, `bytes2`, `emote`, `auras`) VALUES
(45752, 0, 0, 0, 0, 0, '');

-- Ambermill Dimensional Portal - spawn --
INSERT INTO `creature` (`guid`, `id`, `map`, `spawnMask`, `phaseMask`, `modelid`, `equipment_id`, `position_x`, `position_y`, `position_z`, `orientation`, `spawntimesecs`, `spawndist`, `currentwaypoint`, `curhealth`, `curmana`, `DeathState`, `MovementType`, `npcflag`, `unit_flags`, `dynamicflags`) VALUES
(NULL, 45752, 0, 1, 1, 0, 0, -290.7847, 1010.779, 113.6755, 1.658063, 300, 0, 0, 0, 0, 0, 0, 0, 0, 0);


-- -- -- -- -- -- -- -- -- -- -- -- -- -- --
-- Ambermill Portal Guardian  (ID: 45753) --
-- -- -- -- -- -- -- -- -- -- -- -- -- -- --

-- Ambermill Portal Guardian - new template --
INSERT INTO `creature_template` (`entry`, `difficulty_entry_1`, `difficulty_entry_2`, `difficulty_entry_3`, `KillCredit1`, `KillCredit2`, `modelid1`, `modelid2`, `modelid3`, `modelid4`, `name`, `subname`, `IconName`, `gossip_menu_id`, `minlevel`, `maxlevel`, `exp`, `faction_A`, `faction_H`, `npcflag`, `speed_walk`, `speed_run`, `scale`, `rank`, `mindmg`, `maxdmg`, `dmgschool`, `attackpower`, `dmg_multiplier`, `baseattacktime`, `rangeattacktime`, `unit_class`, `unit_flags`, `dynamicflags`, `family`, `trainer_type`, `trainer_spell`, `trainer_class`, `trainer_race`, `minrangedmg`, `maxrangedmg`, `rangedattackpower`, `type`, `type_flags`, `lootid`, `pickpocketloot`, `skinloot`, `resistance1`, `resistance2`, `resistance3`, `resistance4`, `resistance5`, `resistance6`, `spell1`, `spell2`, `spell3`, `spell4`, `spell5`, `spell6`, `spell7`, `spell8`, `PetSpellDataId`, `VehicleId`, `mingold`, `maxgold`, `AIName`, `MovementType`, `InhabitType`, `Health_mod`, `Mana_mod`, `Armor_mod`, `RacialLeader`, `questItem1`, `questItem2`, `questItem3`, `questItem4`, `questItem5`, `questItem6`, `movementId`, `RegenHealth`, `equipment_id`, `mechanic_immune_mask`, `flags_extra`, `ScriptName`, `WDBVerified`) VALUES
(45753, 0, 0, 0, 0, 0, 3602, 3603, 0, 0, 'Ambermill Portal Guardian', '', '', 0, 17, 18, 0, 76, 76, 0, 1, 1, 1, 0, 24, 32, 0, 58, 1, 2000, 0, 2, 32768, 2048, 0, 0, 0, 0, 0, 17, 25, 3, 7, 0, 45753, 0, 0, 0, 0, 0, 0, 0, 0, 0, 0, 0, 0, 0, 0, 0, 0, 0, 0, 0, 0, '', 0, 3, 1, 1, 1, 0, 7293, 3354, 0, 0, 0, 0, 0, 1, 45753, 0, 0, '', 0);

-- Ambermill Portal Guardian - equip --
INSERT INTO `creature_equip_template` (`entry`, `equipentry1`, `equipentry2`, `equipentry3`) VALUES
(45753, 2810, 0, 0);

-- Ambermill Portal Guardian - addon --
INSERT INTO `creature_template_addon` (`entry`, `path_id`, `mount`, `bytes1`, `bytes2`, `emote`, `auras`) VALUES
(45753, 0, 0, 0, 1, 0, '');

-- Ambermill Portal Guardian - SAI --
INSERT INTO `smart_scripts` (`entryorguid`, `source_type`, `id`, `link`, `event_type`, `event_phase_mask`, `event_chance`, `event_flags`, `event_param1`, `event_param2`, `event_param3`, `event_param4`, `action_type`, `action_param1`, `action_param2`, `action_param3`, `action_param4`, `action_param5`, `action_param6`, `target_type`, `target_param1`, `target_param2`, `target_param3`, `target_x`, `target_y`, `target_z`, `target_o`, `comment`) VALUES
(45753, 0, 0, 0, 2, 0, 100, 1, 50, 25, 0, 0, 11, 87191, 0, 0, 0, 0, 0, 1, 0, 0, 0, 0, 0, 0, 0, 'Ambermill Portal Guardian - cast Mana Shield');

-- Ambermill Portal Guardian - loot --
INSERT INTO `creature_loot_template` (`entry`, `item`, `ChanceOrQuestChance`, `lootmode`, `groupid`, `mincountOrRef`, `maxcount`) VALUES
(45753, 1738, 0.1, 1, 0, 1, 1),
(45753, 1739, 0.2, 1, 0, 1, 1),
(45753, 1740, 0.6, 1, 0, 1, 1),
(45753, 1742, 0.3, 1, 0, 1, 1),
(45753, 1743, 0.3, 1, 0, 1, 1),
(45753, 1744, 0.2, 1, 0, 1, 1),
(45753, 1745, 0.2, 1, 0, 1, 1),
(45753, 1764, 0.3, 1, 0, 1, 1),
(45753, 1766, 0.5, 1, 0, 1, 1),
(45753, 1767, 0.3, 1, 0, 1, 1),
(45753, 1768, 0.5, 1, 0, 1, 1),
(45753, 1769, 0.3, 1, 0, 1, 1),
(45753, 1770, 0.2, 1, 0, 1, 1),
(45753, 1787, 0.3, 1, 0, 1, 1),
(45753, 1788, 0.3, 1, 0, 1, 1),
(45753, 1789, 0.4, 1, 0, 1, 1),
(45753, 1791, 0.4, 1, 0, 1, 1),
(45753, 1792, 0.3, 1, 0, 1, 1),
(45753, 1793, 0.3, 1, 0, 1, 1),
(45753, 1794, 0.5, 1, 0, 1, 1),
(45753, 1811, 0.5, 1, 0, 1, 1),
(45753, 1812, 0.5, 1, 0, 1, 1),
(45753, 1813, 0.5, 1, 0, 1, 1),
(45753, 1814, 0.4, 1, 0, 1, 1),
(45753, 1815, 0.4, 1, 0, 1, 1),
(45753, 1817, 0.9, 1, 0, 1, 1),
(45753, 2078, 0.2, 1, 0, 1, 1),
(45753, 2079, 0.2, 1, 0, 1, 1),
(45753, 2216, 0.4, 1, 0, 1, 1),
(45753, 2217, 0.2, 1, 0, 1, 1),
(45753, 2555, 0.05, 1, 0, 1, 1),
(45753, 2589, 41, 1, 0, 1, 3),
(45753, 2592, 45.4, 1, 0, 1, 2),
(45753, 2764, 0.4, 1, 0, 1, 1),
(45753, 2780, 0.4, 1, 0, 1, 1),
(45753, 2781, 0.4, 1, 0, 1, 1),
(45753, 2881, 0.05, 1, 0, 1, 1),
(45753, 2882, 0.1, 1, 0, 1, 1),
(45753, 2883, 0.05, 1, 0, 1, 1),
(45753, 2969, 0.1, 1, 0, 1, 1),
(45753, 2970, 0.05, 1, 0, 1, 1),
(45753, 2973, 0.1, 1, 0, 1, 1),
(45753, 2974, 0.05, 1, 0, 1, 1),
(45753, 2977, 0.1, 1, 0, 1, 1),
(45753, 2982, 0.05, 1, 0, 1, 1),
(45753, 2983, 0.05, 1, 0, 1, 1),
(45753, 2984, 0.1, 1, 0, 1, 1),
(45753, 2986, 0.05, 1, 0, 1, 1),
(45753, 2987, 0.2, 1, 0, 1, 1),
(45753, 2988, 0.1, 1, 0, 1, 1),
(45753, 2990, 0.05, 1, 0, 1, 1),
(45753, 2992, 0.05, 1, 0, 1, 1),
(45753, 3040, 0.05, 1, 0, 1, 1),
(45753, 3184, 0.1, 1, 0, 1, 1),
(45753, 3195, 0.2, 1, 0, 1, 1),
(45753, 3196, 0.05, 1, 0, 1, 1),
(45753, 3205, 0.1, 1, 0, 1, 1),
(45753, 3211, 0.1, 1, 0, 1, 1),
(45753, 3376, 0.3, 1, 0, 1, 1),
(45753, 3377, 0.3, 1, 0, 1, 1),
(45753, 3645, 0.1, 1, 0, 1, 1),
(45753, 3655, 0.1, 1, 0, 1, 1),
(45753, 4345, 0.1, 1, 0, 1, 1),
(45753, 4346, 0.1, 1, 0, 1, 1),
(45753, 4409, 0.05, 1, 0, 1, 1),
(45753, 4410, 0.1, 1, 0, 1, 1),
(45753, 4567, 0.1, 1, 0, 1, 1),
(45753, 4568, 0.05, 1, 0, 1, 1),
(45753, 4571, 0.2, 1, 0, 1, 1),
(45753, 4575, 0.1, 1, 0, 1, 1),
(45753, 4576, 0.05, 1, 0, 1, 1),
(45753, 4695, 0.1, 1, 0, 1, 1),
(45753, 4697, 0.05, 1, 0, 1, 1),
(45753, 4699, 0.2, 1, 0, 1, 1),
(45753, 5110, 3.9, 1, 0, 1, 1),
(45753, 5212, 0.1, 1, 0, 1, 1),
(45753, 5573, 0.05, 1, 0, 1, 1),
(45753, 5574, 0.05, 1, 0, 1, 1),
(45753, 5972, 0.05, 1, 0, 1, 1),
(45753, 6344, 0.05, 1, 0, 1, 1),
(45753, 6347, 0.05, 1, 0, 1, 1),
(45753, 6378, 0.05, 1, 0, 1, 1),
(45753, 6379, 0.1, 1, 0, 1, 1),
(45753, 6380, 0.1, 1, 0, 1, 1),
(45753, 6391, 0.05, 1, 0, 1, 1),
(45753, 6528, 0.1, 1, 0, 1, 1),
(45753, 6536, 0.1, 1, 0, 1, 1),
(45753, 6539, 0.1, 1, 0, 1, 1),
(45753, 6540, 0.2, 1, 0, 1, 1),
(45753, 6541, 0.1, 1, 0, 1, 1),
(45753, 6545, 0.3, 1, 0, 1, 1),
(45753, 6546, 0.05, 1, 0, 1, 1),
(45753, 6547, 0.1, 1, 0, 1, 1),
(45753, 6548, 0.05, 1, 0, 1, 1),
(45753, 6551, 0.05, 1, 0, 1, 1),
(45753, 6552, 0.1, 1, 0, 1, 1),
(45753, 6553, 0.05, 1, 0, 1, 1),
(45753, 6554, 0.1, 1, 0, 1, 1),
(45753, 6557, 0.05, 1, 0, 1, 1),
(45753, 6559, 0.1, 1, 0, 1, 1),
(45753, 6560, 0.1, 1, 0, 1, 1),
(45753, 6564, 0.05, 1, 0, 1, 1),
(45753, 6585, 0.05, 1, 0, 1, 1),
(45753, 6716, 0.05, 1, 0, 1, 1),
(45753, 7554, 0.05, 1, 0, 1, 1),
(45753, 9775, 0.05, 1, 0, 1, 1),
(45753, 9776, 0.05, 1, 0, 1, 1),
(45753, 9777, 0.1, 1, 0, 1, 1),
(45753, 9778, 0.05, 1, 0, 1, 1),
(45753, 9779, 0.05, 1, 0, 1, 1),
(45753, 9780, 0.05, 1, 0, 1, 1),
(45753, 9783, 0.05, 1, 0, 1, 1),
(45753, 9784, 0.05, 1, 0, 1, 1),
(45753, 9785, 0.1, 1, 0, 1, 1),
(45753, 9786, 0.05, 1, 0, 1, 1),
(45753, 9787, 0.1, 1, 0, 1, 1),
(45753, 9788, 0.1, 1, 0, 1, 1),
(45753, 9789, 0.05, 1, 0, 1, 1),
(45753, 10316, 0.05, 1, 0, 1, 1),
(45753, 14166, 0.1, 1, 0, 1, 1),
(45753, 14167, 0.05, 1, 0, 1, 1),
(45753, 14168, 0.2, 1, 0, 1, 1),
(45753, 15210, 0.1, 1, 0, 1, 1),
(45753, 15222, 0.1, 1, 0, 1, 1),
(45753, 15248, 0.1, 1, 0, 1, 1),
(45753, 15268, 0.05, 1, 0, 1, 1);

-- Ambermill Portal Guardian - spawns --
INSERT INTO `creature` (`guid`, `id`, `map`, `spawnMask`, `phaseMask`, `modelid`, `equipment_id`, `position_x`, `position_y`, `position_z`, `orientation`, `spawntimesecs`, `spawndist`, `currentwaypoint`, `curhealth`, `curmana`, `DeathState`, `MovementType`, `npcflag`, `unit_flags`, `dynamicflags`) VALUES
(NULL, 45753, 0, 1, 1, 0, 0, -344.738, 1020.7, 121.459, 4.66003, 300, 0, 0, 0, 0, 0, 0, 0, 0, 0),
(NULL, 45753, 0, 1, 1, 0, 0, -335.465, 984.378, 128.209, 3.05713, 300, 0, 0, 0, 0, 0, 0, 0, 0, 0),
(NULL, 45753, 0, 1, 1, 0, 0, -324.665, 1029.55, 118.517, 3.42085, 300, 0, 0, 0, 0, 0, 0, 0, 0, 0),
(NULL, 45753, 0, 1, 1, 0, 0, -396.349, 915.087, 122.41, 6.04573, 300, 0, 0, 0, 0, 0, 0, 0, 0, 0),
(NULL, 45753, 0, 1, 1, 0, 0, -321.042, 935.092, 131.047, 3.05433, 300, 0, 0, 0, 0, 0, 0, 0, 0, 0),
(NULL, 45753, 0, 1, 1, 0, 0, -291.54, 1028.96, 115.753, 1.65806, 300, 0, 0, 0, 0, 0, 0, 0, 0, 0),
(NULL, 45753, 0, 1, 1, 0, 0, -322.891, 977.578, 131.955, 5.79449, 300, 0, 0, 0, 0, 0, 0, 0, 0, 0),
(NULL, 45753, 0, 1, 1, 0, 0, -309.849, 956.401, 132.45, 4.92183, 300, 0, 0, 0, 0, 0, 0, 0, 0, 0),
(NULL, 45753, 0, 1, 1, 0, 0, -317.403, 1049.96, 117.876, 3.87463, 300, 0, 0, 0, 0, 0, 0, 0, 0, 0),
(NULL, 45753, 0, 1, 1, 0, 0, -352.043, 991.715, 127.941, 5.75959, 300, 0, 0, 0, 0, 0, 0, 0, 0, 0),
(NULL, 45753, 0, 1, 1, 0, 0, -345.142, 948.51, 130.728, 4.2586, 300, 0, 0, 0, 0, 0, 0, 0, 0, 0);
